run_id,start_time,end_time,status,mlflow.runName,source_experiment,source_prefix,max_iter,n_smooth,experiment_name,communicator,use_numba,omega,tolerance,fmg_post_vcycles,n_ranks,specified_numba_threads,environment,solver,strategy,N,local_volume,nodes,numba_threads,halo_size_mb,label,scaling_type,hostnames,mpi_size,decomposition,cycles,levels,wall_time,residual_history,total_compute_time,total_halo_time,final_error,final_alg_error,observed_numba_threads,converged,iterations,mlups,bandwidth_gb_s,final_residual,halo_time_std_us,halo_time_min_us,halo_exchange_times,compute_times,halo_time_max_us,halo_time_mean_us,total_mpi_comm_time
8b24c42063904a95b662c4dfedea3b84,2025-12-11 18:32:43.812000+00:00,2025-12-11 18:32:45.684000+00:00,FINISHED,jacobi_N513_p24,scaling,/Shared/LSM-PoissonMPI-ExamPrep,10,3,scaling,custom,1,0.8,0.0,1,24,1,hpc,jacobi,sliced,513,,,,,,,,,,,,1.4155290200000001,1.8481686332820154e-09,0.5484814029999997,0.03739491300000005,0.9993977704196905,10.262948841239213,1.0,0.0,10.0,942.635785736134,60.32869028711258,1.8481686332820154e-09,,,,,,,
546c9f7f1b3d4ab1b1bba7fbb636d21e,2025-12-11 18:32:23.192000+00:00,2025-12-11 18:32:24.892000+00:00,FINISHED,jacobi_N257_p24,scaling,/Shared/LSM-PoissonMPI-ExamPrep,10,3,scaling,custom,1,0.8,0.0,1,24,1,hpc,jacobi,cubic,257,,,,,,,,,,,,0.176532587,2.0998696044181616e-08,0.046968722999999976,0.009133725999999986,0.9975930395193519,10.37179747154651,1.0,0.0,10.0,939.281255760445,60.11400036866848,2.0998696044181616e-08,,,,,,,
f8831ca735d24451a2483b6df8491f12,2025-12-11 18:32:04.911000+00:00,2025-12-11 18:32:06.560000+00:00,FINISHED,jacobi_N257_p24,scaling,/Shared/LSM-PoissonMPI-ExamPrep,10,3,scaling,custom,1,0.8,0.0,1,24,1,hpc,jacobi,sliced,257,,,,,,,,,,,,0.210174412,2.0998696044181616e-08,0.06174997100000003,0.02655133200000003,0.9975930395193519,10.033618186057334,1.0,0.0,10.0,788.9340496882179,50.49177918004595,2.0998696044181616e-08,,,,,,,
b61f0482d74c4ca0885500dfde43d331,2025-12-03 21:47:27.100000+00:00,2025-12-03 21:47:28.909000+00:00,FINISHED,jacobi_N257_p36,scaling,/Shared/LSM-PoissonMPI-v3,200,3,scaling,custom,1,0.8,0.0,1,36,1,hpc,jacobi,sliced,257,,,,,,,,,,,,2.763196663,2.005894659452724e-08,0.9051480380000008,0.1449363029999998,0.952945758365434,9.350321679501482,1.0,0.0,200.0,1200.1588755537664,76.81016803544107,2.005894659452724e-08,,,,,,,
b8d6f5f1fbb04eb181d48773abce482b,2025-12-03 21:47:06.322000+00:00,2025-12-03 21:47:08.197000+00:00,FINISHED,jacobi_N257_p24,scaling,/Shared/LSM-PoissonMPI-v3,200,3,scaling,custom,1,0.8,0.0,1,24,1,hpc,jacobi,sliced,257,,,,,,,,,,,,3.939678842,2.0058946594527238e-08,1.2531659709999992,0.1405881310000008,0.9529457583654339,9.584586153375477,1.0,0.0,200.0,841.7627763577993,53.87281768689916,2.0058946594527238e-08,,,,,,,
98bed0c38fcb442abd3176c51602c3e3,2025-12-03 20:18:09.953000+00:00,2025-12-03 20:18:11.814000+00:00,FINISHED,jacobi_N513_p144,scaling,/Shared/LSM-PoissonMPI-v3,300,3,scaling,custom,1,0.8,0.0,1,144,1,hpc,jacobi,cubic,513,,,,,,,,,,,,8.164302141,1.8161620691688491e-09,2.025318652999993,0.8191925080000038,0.9820899934571008,10.161669713386267,1.0,0.0,300.0,4903.0337937857075,313.79416280228526,1.8161620691688491e-09,,,,,,,
a0e942ffe6354b91986628a3fa829a3e,2025-12-03 20:17:09.399000+00:00,2025-12-03 20:17:11.375000+00:00,FINISHED,jacobi_N513_p96,scaling,/Shared/LSM-PoissonMPI-v3,300,3,scaling,custom,1,0.8,0.0,1,96,1,hpc,jacobi,cubic,513,,,,,,,,,,,,11.226298877,1.8161620691688491e-09,2.914926129000002,0.26740121800000727,0.9820899934571009,10.18044614196385,1.0,0.0,300.0,3565.720968111011,228.20614195910474,1.8161620691688491e-09,,,,,,,
4051ba187dab4a90b59dc019b3f718bf,2025-12-03 20:16:19.265000+00:00,2025-12-03 20:16:21.093000+00:00,FINISHED,jacobi_N513_p72,scaling,/Shared/LSM-PoissonMPI-v3,300,3,scaling,custom,1,0.8,0.0,1,72,1,hpc,jacobi,cubic,513,,,,,,,,,,,,14.666905964,1.8161620691688491e-09,3.872505305999994,0.49963087200001793,0.9820899934571008,10.189888409631308,1.0,0.0,300.0,2729.263376901269,174.6728561216812,1.8161620691688491e-09,,,,,,,
5f4d6e79521143af8b55ee798fd7e182,2025-12-03 20:15:28.204000+00:00,2025-12-03 20:15:30.052000+00:00,FINISHED,jacobi_N513_p48,scaling,/Shared/LSM-PoissonMPI-v3,300,3,scaling,custom,1,0.8,0.0,1,48,1,hpc,jacobi,cubic,513,,,,,,,,,,,,20.243434087,1.8161620691688491e-09,5.715652443000004,0.7787145729999898,0.9820899934571009,10.208681857133763,1.0,0.0,300.0,1977.4238465649712,126.55512618015817,1.8161620691688491e-09,,,,,,,
67c721eb6a364adcb20890677572e52a,2025-12-03 20:14:35.447000+00:00,2025-12-03 20:14:37.222000+00:00,FINISHED,jacobi_N513_p36,scaling,/Shared/LSM-PoissonMPI-v3,300,3,scaling,custom,1,0.8,0.0,1,36,1,hpc,jacobi,cubic,513,,,,,,,,,,,,26.096933737,1.816162069168849e-09,7.701370417000024,0.7060360640000218,0.9820899934571009,10.218132707640002,1.0,0.0,300.0,1533.8909047098525,98.16901790143055,1.816162069168849e-09,,,,,,,
bff0b9699dbc48c8a8f6301a8e73afab,2025-12-03 20:13:43.822000+00:00,2025-12-03 20:13:45.791000+00:00,FINISHED,jacobi_N513_p24,scaling,/Shared/LSM-PoissonMPI-v3,300,3,scaling,custom,1,0.8,0.0,1,24,1,hpc,jacobi,cubic,513,,,,,,,,,,,,37.9619613,1.816162069168849e-09,11.417261024999988,1.0531464299999977,0.9820899934571008,10.2459056466075,1.0,0.0,300.0,1054.472633372607,67.48624853584685,1.816162069168849e-09,,,,,,,
b37f30409a334bbd89c488f67f13d056,2025-12-03 20:12:17.905000+00:00,2025-12-03 20:12:19.813000+00:00,FINISHED,jacobi_N513_p144,scaling,/Shared/LSM-PoissonMPI-v3,300,3,scaling,custom,1,0.8,0.0,1,144,1,hpc,jacobi,sliced,513,,,,,,,,,,,,10.573839043,1.8161620691688491e-09,3.2469388249999946,1.0195618030000109,0.9820899934571008,8.830003339700637,1.0,0.0,300.0,3785.744149992543,242.28762559952276,1.8161620691688491e-09,,,,,,,
3ffe03b962274fcf90e49c386f94000d,2025-12-03 20:11:15.903000+00:00,2025-12-03 20:11:17.841000+00:00,FINISHED,jacobi_N513_p96,scaling,/Shared/LSM-PoissonMPI-v3,300,3,scaling,custom,1,0.8,0.0,1,96,1,hpc,jacobi,sliced,513,,,,,,,,,,,,13.847755482,1.8161620691688491e-09,4.7283500270000065,1.060990356000012,0.9820899934571009,9.386818491839648,1.0,0.0,300.0,2890.7102925115037,185.00545872073624,1.8161620691688491e-09,,,,,,,
fc37042503d54c6bb394caa41b27d82f,2025-12-03 20:10:22.187000+00:00,2025-12-03 20:10:24.096000+00:00,FINISHED,jacobi_N513_p72,scaling,/Shared/LSM-PoissonMPI-v3,300,3,scaling,custom,1,0.8,0.0,1,72,1,hpc,jacobi,sliced,513,,,,,,,,,,,,16.958607695,1.8161620691688491e-09,6.048340562999988,1.0737202530000203,0.9820899934571008,9.60897647734797,1.0,0.0,300.0,2360.4443253795075,151.06843682428845,1.8161620691688491e-09,,,,,,,
4c3ec516b9a1465c80984da71f3131bb,2025-12-03 20:09:31.876000+00:00,2025-12-03 20:09:33.752000+00:00,FINISHED,jacobi_N513_p48,scaling,/Shared/LSM-PoissonMPI-v3,300,3,scaling,custom,1,0.8,0.0,1,48,1,hpc,jacobi,sliced,513,,,,,,,,,,,,23.058718121,1.8161620691688491e-09,8.446912915999997,1.0473603989999907,0.9820899934571008,9.850014493206245,1.0,0.0,300.0,1735.9962982306497,111.10376308676157,1.8161620691688491e-09,,,,,,,
2f751165b35b49e28bbb208b9685eff2,2025-12-03 20:08:38.995000+00:00,2025-12-03 20:08:40.864000+00:00,FINISHED,jacobi_N513_p36,scaling,/Shared/LSM-PoissonMPI-v3,300,3,scaling,custom,1,0.8,0.0,1,36,1,hpc,jacobi,sliced,513,,,,,,,,,,,,29.756742348,1.8161620691688491e-09,11.248602281999995,1.0373939960000254,0.9820899934571008,9.968622258128091,1.0,0.0,300.0,1345.2362772731562,86.095121745482,1.8161620691688491e-09,,,,,,,
29b843d4568c45b791d3291ea22b3b27,2025-12-03 20:07:43.205000+00:00,2025-12-03 20:07:45.190000+00:00,FINISHED,jacobi_N513_p24,scaling,/Shared/LSM-PoissonMPI-v3,300,3,scaling,custom,1,0.8,0.0,1,24,1,hpc,jacobi,sliced,513,,,,,,,,,,,,42.968693985,1.8161620691688491e-09,16.563338615000085,1.1264368510000262,0.9820899934571008,10.085215205811343,1.0,0.0,300.0,931.6049799878506,59.62271871922243,1.8161620691688491e-09,,,,,,,
dac2c21724574ccd8b0366945af2c355,2025-12-03 20:06:09.899000+00:00,2025-12-03 20:06:11.940000+00:00,FINISHED,jacobi_N257_p144,scaling,/Shared/LSM-PoissonMPI-v3,300,3,scaling,custom,1,0.8,0.0,1,144,1,hpc,jacobi,cubic,257,,,,,,,,,,,,1.098345137,1.9581355449338077e-08,0.2923722880000015,0.1552992749999999,0.9302555124241089,9.511507900461261,1.0,0.0,300.0,4529.006714216463,289.85642970985356,1.9581355449338077e-08,,,,,,,
c850a8918f714d3c9326d965fdab8c93,2025-12-03 20:05:09.619000+00:00,2025-12-03 20:05:11.531000+00:00,FINISHED,jacobi_N257_p96,scaling,/Shared/LSM-PoissonMPI-v3,300,3,scaling,custom,1,0.8,0.0,1,96,1,hpc,jacobi,cubic,257,,,,,,,,,,,,1.326161677,1.9581355449338077e-08,0.4330789160000011,0.1150016289999998,0.9302555124241089,9.547267175290365,1.0,0.0,300.0,3750.9849562633685,240.06303720085558,1.9581355449338077e-08,,,,,,,
abeee085c3814653bacd82715b04f368,2025-12-03 20:04:26.931000+00:00,2025-12-03 20:04:28.732000+00:00,FINISHED,jacobi_N257_p72,scaling,/Shared/LSM-PoissonMPI-v3,300,3,scaling,custom,1,0.8,0.0,1,72,1,hpc,jacobi,cubic,257,,,,,,,,,,,,2.373632274,1.9581355449338077e-08,0.5424070229999989,0.17768413000000016,0.9302555124241089,9.565205334546755,1.0,0.0,300.0,2095.6963530063626,134.12456659240723,1.9581355449338077e-08,,,,,,,
76c4f80c5b5c4da1b27f49f9a75dfa3b,2025-12-03 20:03:47.033000+00:00,2025-12-03 20:03:49.030000+00:00,FINISHED,jacobi_N257_p48,scaling,/Shared/LSM-PoissonMPI-v3,300,3,scaling,custom,1,0.8,0.0,1,48,1,hpc,jacobi,cubic,257,,,,,,,,,,,,3.209874619,1.9581355449338077e-08,0.7602637200000021,0.3199008030000026,0.930255512424109,9.601029498028872,1.0,0.0,300.0,1549.721746312235,99.18219176398304,1.9581355449338077e-08,,,,,,,
1dbb58210d7d43f383e197bca18b761a,2025-12-03 20:03:14.659000+00:00,2025-12-03 20:03:16.346000+00:00,FINISHED,jacobi_N257_p36,scaling,/Shared/LSM-PoissonMPI-v3,300,3,scaling,custom,1,0.8,0.0,1,36,1,hpc,jacobi,cubic,257,,,,,,,,,,,,4.347036322,1.9581355449338077e-08,1.0058482600000063,0.1538455499999974,0.9302555124241089,9.619000399528568,1.0,0.0,300.0,1144.3227365791495,73.23665514106555,1.9581355449338077e-08,,,,,,,
59cdd4fe8bda4762bb97728240ad2df7,2025-12-03 20:02:45.146000+00:00,2025-12-03 20:02:46.965000+00:00,FINISHED,jacobi_N257_p24,scaling,/Shared/LSM-PoissonMPI-v3,300,3,scaling,custom,1,0.8,0.0,1,24,1,hpc,jacobi,cubic,257,,,,,,,,,,,,5.34011359,1.9581355449338077e-08,1.4737358319999991,0.182056072000003,0.930255512424109,9.671736402659887,1.0,0.0,300.0,931.5181065277677,59.61715881777713,1.9581355449338077e-08,,,,,,,
a1d7bf22917345b598997f5978de9ab1,2025-12-03 20:01:54.224000+00:00,2025-12-03 20:01:56.084000+00:00,FINISHED,jacobi_N257_p144,scaling,/Shared/LSM-PoissonMPI-v3,300,3,scaling,custom,1,0.8,0.0,1,144,1,hpc,jacobi,sliced,257,,,,,,,,,,,,1.599608574,1.9581355449338077e-08,0.46979620099999886,0.2596402590000007,0.9302555124241089,7.072711799053323,1.0,0.0,300.0,3109.7685901751115,199.02518977120712,1.9581355449338077e-08,,,,,,,
c9e54ed36bc844a8b83cc7412aeaffb0,2025-12-03 20:00:58.519000+00:00,2025-12-03 20:01:00.514000+00:00,FINISHED,jacobi_N257_p96,scaling,/Shared/LSM-PoissonMPI-v3,300,3,scaling,custom,1,0.8,0.0,1,96,1,hpc,jacobi,sliced,257,,,,,,,,,,,,1.942124256,1.9581355449338077e-08,0.6457889910000003,0.25795581099999926,0.930255512424109,7.899510218898443,1.0,0.0,300.0,2561.3255612415355,163.92483591945827,1.9581355449338077e-08,,,,,,,
2c8d00e30c914899b4fae0cb9a96d409,2025-12-03 20:00:09.251000+00:00,2025-12-03 20:00:11.595000+00:00,FINISHED,jacobi_N257_p72,scaling,/Shared/LSM-PoissonMPI-v3,300,3,scaling,custom,1,0.8,0.0,1,72,1,hpc,jacobi,sliced,257,,,,,,,,,,,,2.947212803,1.9581355449338077e-08,0.7646361289999977,0.25235749799999796,0.9302555124241089,8.385958859695975,1.0,0.0,300.0,1687.8362142484218,108.021517711899,1.9581355449338077e-08,,,,,,,
ff7c214f632146ffa5cf53786860f056,2025-12-03 19:59:27.332000+00:00,2025-12-03 19:59:29.106000+00:00,FINISHED,jacobi_N257_p48,scaling,/Shared/LSM-PoissonMPI-v3,300,3,scaling,custom,1,0.8,0.0,1,48,1,hpc,jacobi,sliced,257,,,,,,,,,,,,3.782295904,1.9581355449338077e-08,1.1077948450000046,0.210057438999999,0.930255512424109,8.91554705617834,1.0,0.0,300.0,1315.1833241654274,84.17173274658735,1.9581355449338077e-08,,,,,,,
b97c7acb5a114c9782e8d1e89cbaaf2f,2025-12-03 19:58:55.135000+00:00,2025-12-03 19:58:56.944000+00:00,FINISHED,jacobi_N257_p36,scaling,/Shared/LSM-PoissonMPI-v3,300,3,scaling,custom,1,0.8,0.0,1,36,1,hpc,jacobi,sliced,257,,,,,,,,,,,,4.321039163,1.9581355449338077e-08,1.339865945999997,0.20656627199999616,0.930255512424109,9.127696287995757,1.0,0.0,300.0,1151.2074555108586,73.67727715269494,1.9581355449338077e-08,,,,,,,
ac0525cd82d04012aac8ebf73316001f,2025-12-03 19:58:20.603000+00:00,2025-12-03 19:58:22.551000+00:00,FINISHED,jacobi_N257_p24,scaling,/Shared/LSM-PoissonMPI-v3,300,3,scaling,custom,1,0.8,0.0,1,24,1,hpc,jacobi,sliced,257,,,,,,,,,,,,5.898049394,1.9581355449338074e-08,1.921412128000004,0.2012833019999941,0.930255512424109,9.356383069251281,1.0,0.0,300.0,843.3996000542819,53.977574403474044,1.9581355449338074e-08,,,,,,,
0938d76351aa457f9c15cc335f2a15c1,2025-12-03 19:55:59.800000+00:00,2025-12-03 19:56:02.679000+00:00,FINISHED,jacobi_N513_p1,scaling,/Shared/LSM-PoissonMPI-v3,300,3,scaling,custom,1,0.8,0.0,1,1,1,hpc,jacobi,sliced,513,,,,,,,,,,,,460.97354043414816,1.8161620691688491e-09,119.08848535642028,0.0007084205280989408,0.9820899934571009,10.31100466382793,1.0,0.0,300.0,86.83762903679808,5.557608258355078,1.8161620691688491e-09,,,,,,,
2ce7af9afabd4e9eb2488bf865de28f9,2025-12-03 19:47:59.915000+00:00,2025-12-03 19:48:00.962000+00:00,FINISHED,jacobi_N257_p1,scaling,/Shared/LSM-PoissonMPI-v3,300,3,scaling,custom,1,0.8,0.0,1,1,1,hpc,jacobi,sliced,257,,,,,,,,,,,,57.409742108080536,1.9581355449338077e-08,14.502571012824774,0.000547102652490139,0.930255512424109,9.795566800401485,1.0,0.0,300.0,86.6475325848893,5.545442085432915,1.9581355449338077e-08,,,,,,,
3d3e7384f29c4a389eaf1ef76dd9a848,2025-12-03 19:11:11.156000+00:00,2025-12-03 19:11:12.382000+00:00,FINISHED,jacobi_N513_p1,scaling,/Shared/LSM-PoissonMPI-v3,200,3,scaling,custom,1,0.8,0.0,1,1,1,hpc,jacobi,sliced,513,,,,,,,,,,,,322.01161768403836,1.8271357113990504e-09,83.89236896135844,0.0003913687542080879,0.9880240684648414,10.373305973901248,1.0,0.0,200.0,82.87454468858691,5.303970860069563,1.8271357113990504e-09,,,,,,,
ba42f36b2d2847f99dcfc52f33b42012,2025-12-03 19:10:46.170000+00:00,2025-12-03 19:10:48.457000+00:00,FINISHED,jacobi_N513_p96,scaling,/Shared/LSM-PoissonMPI-v3,200,3,scaling,custom,1,0.8,0.0,1,96,1,hpc,jacobi,cubic,513,,,,,,,,,,,,7.542260072,1.8271357113990501e-09,1.926939404000001,0.1979739050000078,0.9880240684648414,10.241958589339635,1.0,0.0,200.0,3538.2718104711885,226.44939587015608,1.8271357113990501e-09,,,,,,,
db504442a9bc4d1c913c4b18b63a89a5,2025-12-03 19:09:53.215000+00:00,2025-12-03 19:09:55.043000+00:00,FINISHED,jacobi_N513_p72,scaling,/Shared/LSM-PoissonMPI-v3,200,3,scaling,custom,1,0.8,0.0,1,72,1,hpc,jacobi,cubic,513,,,,,,,,,,,,9.912583843,1.8271357113990501e-09,2.575762496999996,0.2827904079999999,0.9880240684648414,10.251457909221202,1.0,0.0,200.0,2692.1907166359388,172.3002058647001,1.8271357113990501e-09,,,,,,,
5ce3897a11c44dae819a2677daf03e86,2025-12-03 19:09:12.493000+00:00,2025-12-03 19:09:14.289000+00:00,FINISHED,jacobi_N513_p48,scaling,/Shared/LSM-PoissonMPI-v3,200,3,scaling,custom,1,0.8,0.0,1,48,1,hpc,jacobi,cubic,513,,,,,,,,,,,,14.129768258,1.8271357113990504e-09,3.8516416199999934,0.4372492389999951,0.9880240684648414,10.270364910779577,1.0,0.0,200.0,1888.6768496638708,120.87531837848773,1.8271357113990504e-09,,,,,,,
3d8ffb8337824c218ef29a6cbb27fd8e,2025-12-03 19:08:32.870000+00:00,2025-12-03 19:08:34.616000+00:00,FINISHED,jacobi_N513_p36,scaling,/Shared/LSM-PoissonMPI-v3,200,3,scaling,custom,1,0.8,0.0,1,36,1,hpc,jacobi,cubic,513,,,,,,,,,,,,17.906594111,1.8271357113990501e-09,5.143114259999989,0.3939800190000012,0.9880240684648414,10.279872865359284,1.0,0.0,200.0,1490.3206067314873,95.38051883081519,1.8271357113990501e-09,,,,,,,
c1dc121393b94250beb09c843290ce10,2025-12-03 19:07:53.811000+00:00,2025-12-03 19:07:55.608000+00:00,FINISHED,jacobi_N513_p24,scaling,/Shared/LSM-PoissonMPI-v3,200,3,scaling,custom,1,0.8,0.0,1,24,1,hpc,jacobi,cubic,513,,,,,,,,,,,,25.047089608,1.8271357113990504e-09,7.563754445000006,0.7230107509999896,0.9880240684648414,10.307813614403363,1.0,0.0,200.0,1065.4557722138047,68.18916942168349,1.8271357113990504e-09,,,,,,,
b3b093cc01a1477c955751597859129a,2025-12-03 19:07:06.281000+00:00,2025-12-03 19:07:08.101000+00:00,FINISHED,jacobi_N513_p96,scaling,/Shared/LSM-PoissonMPI-v3,200,3,scaling,custom,1,0.8,0.0,1,96,1,hpc,jacobi,sliced,513,,,,,,,,,,,,9.197819527,1.8271357113990501e-09,3.164624169999997,0.7224426340000021,0.9880240684648414,9.443535670090338,1.0,0.0,200.0,2901.401372538585,185.68968784246945,1.8271357113990501e-09,,,,,,,
efd71344b8404a9e997dafcaa548ba4d,2025-12-03 19:06:19.970000+00:00,2025-12-03 19:06:21.773000+00:00,FINISHED,jacobi_N513_p72,scaling,/Shared/LSM-PoissonMPI-v3,200,3,scaling,custom,1,0.8,0.0,1,72,1,hpc,jacobi,sliced,513,,,,,,,,,,,,11.262849644,1.8271357113990501e-09,4.033875416,0.7109304579999977,0.9880240684648414,9.667035981976317,1.0,0.0,200.0,2369.4328738745617,151.64370392797193,1.8271357113990501e-09,,,,,,,
e54cda4de96a4ebeb32520becb11c5c9,2025-12-03 19:05:38.214000+00:00,2025-12-03 19:05:40.066000+00:00,FINISHED,jacobi_N513_p48,scaling,/Shared/LSM-PoissonMPI-v3,200,3,scaling,custom,1,0.8,0.0,1,48,1,hpc,jacobi,sliced,513,,,,,,,,,,,,15.909119695,1.8271357113990501e-09,5.599228467000008,0.7265309530000186,0.9880240684648414,9.90953040142038,1.0,0.0,200.0,1677.4382688431965,107.35604920596457,1.8271357113990501e-09,,,,,,,
20d65b799b974cfea9d03e4cf98e88b9,2025-12-03 19:05:29.241000+00:00,2025-12-03 19:05:30.113000+00:00,FINISHED,jacobi_N257_p1,scaling,/Shared/LSM-PoissonMPI-v3,200,3,scaling,custom,1,0.8,0.0,1,1,1,hpc,jacobi,sliced,257,,,,,,,,,,,,39.826702255988494,2.005894659452724e-08,9.989384732907638,0.0003765507135540247,0.9529457583654339,10.034481618023964,1.0,0.0,200.0,83.2676272990027,5.3291281471361724,2.005894659452724e-08,,,,,,,
2144633d546d4b8e933ef6111ea08f82,2025-12-03 19:04:56.074000+00:00,2025-12-03 19:04:57.781000+00:00,FINISHED,jacobi_N513_p36,scaling,/Shared/LSM-PoissonMPI-v3,200,3,scaling,custom,1,0.8,0.0,1,36,1,hpc,jacobi,sliced,513,,,,,,,,,,,,20.188977196,1.8271357113990504e-09,7.5253004459999975,0.7519891150000025,0.9880240684648414,10.02885481999339,1.0,0.0,200.0,1321.8384438656633,84.59766040740244,1.8271357113990504e-09,,,,,,,
156b460c5fc7420ea5af4f6c090a7d00,2025-12-03 19:04:13.463000+00:00,2025-12-03 19:04:15.297000+00:00,FINISHED,jacobi_N513_p24,scaling,/Shared/LSM-PoissonMPI-v3,200,3,scaling,custom,1,0.8,0.0,1,24,1,hpc,jacobi,sliced,513,,,,,,,,,,,,28.331538877,1.8271357113990501e-09,11.005032554000007,0.6941457670000241,0.9880240684648414,10.146152247368272,1.0,0.0,200.0,941.9384635567602,60.284061667632656,1.8271357113990501e-09,,,,,,,
fad688fc77a14fbb8c221a7328cc1300,2025-12-03 19:03:23.359000+00:00,2025-12-03 19:03:25.097000+00:00,FINISHED,jacobi_N257_p96,scaling,/Shared/LSM-PoissonMPI-v3,200,3,scaling,custom,1,0.8,0.0,1,96,1,hpc,jacobi,cubic,257,,,,,,,,,,,,4.794913988,2.005894659452724e-08,0.2794926040000021,0.08110826999999576,0.9529457583654339,9.780125941143922,1.0,0.0,200.0,691.623459419602,44.26390140285453,2.005894659452724e-08,,,,,,,
b095d75e937d4e9081d7e28e8d480883,2025-12-03 19:02:39.942000+00:00,2025-12-03 19:02:41.801000+00:00,FINISHED,jacobi_N257_p72,scaling,/Shared/LSM-PoissonMPI-v3,200,3,scaling,custom,1,0.8,0.0,1,72,1,hpc,jacobi,cubic,257,,,,,,,,,,,,1.598694335,2.005894659452724e-08,0.3589752819999996,0.12927593699999876,0.9529457583654339,9.798501613832107,1.0,0.0,200.0,2074.364640817971,132.75933701235013,2.005894659452724e-08,,,,,,,
6b71aadae01044d1b73e4cb1727d063b,2025-12-03 19:02:07.231000+00:00,2025-12-03 19:02:09.108000+00:00,FINISHED,jacobi_N257_p48,scaling,/Shared/LSM-PoissonMPI-v3,200,3,scaling,custom,1,0.8,0.0,1,48,1,hpc,jacobi,cubic,257,,,,,,,,,,,,2.328790229,2.005894659452724e-08,0.4870391859999983,0.17253525199999836,0.9529457583654339,9.835199532111593,1.0,0.0,200.0,1424.033370933557,91.13813573974764,2.005894659452724e-08,,,,,,,
25e2eb6d978149969f709522311594f1,2025-12-03 19:01:38.277000+00:00,2025-12-03 19:01:40.365000+00:00,FINISHED,jacobi_N257_p36,scaling,/Shared/LSM-PoissonMPI-v3,200,3,scaling,custom,1,0.8,0.0,1,36,1,hpc,jacobi,cubic,257,,,,,,,,,,,,2.803028465,2.005894659452724e-08,0.6611135789999976,0.19486414100000038,0.952945758365434,9.853608745629556,1.0,0.0,200.0,1183.1042893101692,75.71867451585084,2.005894659452724e-08,,,,,,,
536235e4889f45c88d8e0331b7fbf7ae,2025-12-03 19:01:14.456000+00:00,2025-12-03 19:01:16.191000+00:00,FINISHED,jacobi_N257_p24,scaling,/Shared/LSM-PoissonMPI-v3,200,3,scaling,custom,1,0.8,0.0,1,24,1,hpc,jacobi,cubic,257,,,,,,,,,,,,3.438383436,2.0058946594527238e-08,0.9823815269999998,0.11736868899999994,0.952945758365434,9.90763098495598,1.0,0.0,200.0,964.4866728005026,61.727147059232166,2.0058946594527238e-08,,,,,,,
5dee1cf445744f1a9f4e8bd187b61ee2,2025-12-03 19:00:50.028000+00:00,2025-12-03 19:00:51.768000+00:00,FINISHED,jacobi_N257_p96,scaling,/Shared/LSM-PoissonMPI-v3,200,3,scaling,custom,1,0.8,0.0,1,96,1,hpc,jacobi,sliced,257,,,,,,,,,,,,1.341981668,2.0058946594527238e-08,0.4245497460000008,0.1708642859999992,0.9529457583654339,8.09218003389859,1.0,0.0,200.0,2471.1775720024216,158.155364608155,2.0058946594527238e-08,,,,,,,
8852b4b51f3d41e4bb4b65073f9f6051,2025-12-03 19:00:08.478000+00:00,2025-12-03 19:00:10.313000+00:00,FINISHED,jacobi_N257_p72,scaling,/Shared/LSM-PoissonMPI-v3,200,3,scaling,custom,1,0.8,0.0,1,72,1,hpc,jacobi,sliced,257,,,,,,,,,,,,1.940333806,2.005894659452724e-08,0.5315250659999988,0.16983325599999882,0.9529457583654339,8.590493203892546,1.0,0.0,200.0,1709.1260224118366,109.38406543435754,2.005894659452724e-08,,,,,,,
46e4abf2c05341f5a940076973f418f9,2025-12-03 18:59:35.487000+00:00,2025-12-03 18:59:37.335000+00:00,FINISHED,jacobi_N257_p48,scaling,/Shared/LSM-PoissonMPI-v3,200,3,scaling,custom,1,0.8,0.0,1,48,1,hpc,jacobi,sliced,257,,,,,,,,,,,,2.433226571,2.005894659452724e-08,0.7331823080000037,0.1547870879999986,0.9529457583654339,9.132998107489033,1.0,0.0,200.0,1362.9125374202565,87.22640239489643,2.005894659452724e-08,,,,,,,
7ff2ffcdfa7741feb104f4daa2e0ebca,2025-12-03 18:59:10.052000+00:00,2025-12-03 18:59:11.927000+00:00,FINISHED,jacobi_N257_p36,scaling,/Shared/LSM-PoissonMPI-v3,200,3,scaling,custom,1,0.8,0.0,1,36,1,hpc,jacobi,sliced,257,,,,,,,,,,,,2.793847266,2.005894659452724e-08,0.893793751999998,0.1252827579999996,0.952945758365434,9.350321679501482,1.0,0.0,200.0,1186.992231235306,75.9675027990596,2.005894659452724e-08,,,,,,,
a92f74d5ba2347fb91e824634bc3f804,2025-12-03 03:11:43.345000+00:00,2025-12-03 03:11:46.994000+00:00,FINISHED,jacobi_N513_p144_cubic,scaling,/Shared/LSM-PoissonMPI-v2,400,,,custom,True,0.8,0.0,,144,,,jacobi,cubic,513,946688,6,1,0.44879150390625,"Custom (cubic, mixed)",,,,,,,11.885771126,1.8052543338239673e-09,3.862755098000008,0.6517936430000043,0.9761915580658902,,,0.0,400.0,4490.506491686251,143.69620773396002,,996.7488960313378,1147.0270000000228,0.0013404250000004225,0.009689600999999826,19585.535,1629.4841075000104,
b5829f4693214b78a2ab870bb9a37cb0,2025-12-03 03:10:50.746000+00:00,2025-12-03 03:10:54.272000+00:00,FINISHED,jacobi_N513_p144_sliced,scaling,/Shared/LSM-PoissonMPI-v2,400,,,custom,True,0.8,0.0,,144,,,jacobi,sliced,513,1044484,6,1,3.9843902587890625,"Custom (sliced, contiguous)",,,,,,,14.92352109,1.8052543338239673e-09,5.716092287999999,1.3832901679999796,0.9761915580658902,,,0.0,400.0,3576.4436608572514,114.44619714743204,,208.44546986937394,2585.834000000453,0.003436864000001094,0.01439846800000133,5634.093999999479,3458.225419999949,
8f2521748685413196b3042ac5a32e24,2025-12-03 03:09:56.528000+00:00,2025-12-03 03:10:00.195000+00:00,FINISHED,jacobi_N257_p144_cubic,scaling,/Shared/LSM-PoissonMPI-v2,400,,,custom,True,0.8,0.0,,144,,,jacobi,cubic,257,118336,6,1,0.1121978759765625,"Custom (cubic, mixed)",,,,,,,1.2607857820000001,1.9115135454716955e-08,0.48743098399999985,0.15102810299999872,0.908105507242321,,,0.0,400.0,5260.6478393805355,168.34073086017713,,813.3044005969057,240.75100000020555,0.00035853799999996383,0.001198617000000013,16393.233000000007,377.5702574999969,
8c8e57a15e1e4687a2cbfe3357fec30d,2025-12-03 03:09:14.204000+00:00,2025-12-03 03:09:17.841000+00:00,FINISHED,jacobi_N257_p144_sliced,scaling,/Shared/LSM-PoissonMPI-v2,400,,,custom,True,0.8,0.0,,144,,,jacobi,sliced,257,130050,6,1,0.9922027587890625,"Custom (sliced, contiguous)",,,,,,,2.097844732,1.9115135454716955e-08,0.7736411150000021,0.3515643329999985,0.908105507242321,,,0.0,400.0,3161.6019521505755,101.1712624688184,,97.30085061264353,699.5929999999984,0.0010203369999999268,0.0018031859999996236,2225.725,878.9108324999962,
e122ff48c32147029342cd5980c4b27e,2025-12-03 03:07:52.267000+00:00,2025-12-03 03:07:56.360000+00:00,FINISHED,jacobi_N513_p24_cubic,scaling,/Shared/LSM-PoissonMPI-v2,400,,,custom,True,0.8,0.0,,24,,,jacobi,cubic,513,5603328,1,1,1.501953125,"Custom (cubic, mixed)",,,,,,,56.770148011,1.8052543338239673e-09,22.20844265699999,1.5742945500000163,0.9761915580658901,,,0.0,400.0,940.1619384479712,30.08518203033508,,2865.3277017560654,3302.8779999995095,0.003716785000001721,0.055624049000002174,60011.637,3935.736375000041,
c279c9ab0dc64f3cb77daedd2b4dd966,2025-12-03 03:06:35.131000+00:00,2025-12-03 03:06:38.875000+00:00,FINISHED,jacobi_N513_p12_cubic,scaling,/Shared/LSM-PoissonMPI-v2,400,,,custom,True,0.8,0.0,,12,,,jacobi,cubic,513,11206656,1,1,2.3359375,"Custom (cubic, mixed)",,,,,,,70.549819185,1.8052543338239673e-09,25.808831683999912,1.5971992950000435,0.9761915580658902,,,0.0,400.0,756.5311012355927,24.208995239538968,,1070.9923237826606,3043.503000000669,0.0035694379999995363,0.06459596700000247,23102.071,3992.998237500109,
c6597d98eb714c12ac85647beff67275,2025-12-03 03:05:03.977000+00:00,2025-12-03 03:05:07.570000+00:00,FINISHED,jacobi_N513_p8_cubic,scaling,/Shared/LSM-PoissonMPI-v2,400,,,custom,True,0.8,0.0,,8,,,jacobi,cubic,513,16777216,1,1,3.0,"Custom (cubic, mixed)",,,,,,,96.369374041,1.8052543338239673e-09,33.588694093999976,1.2801424420001257,0.9761915580658901,,,0.0,400.0,553.8391520245073,17.722852864784233,,676.9646814638655,3062.9600000082746,0.003120789999996987,0.08365380000000755,16478.949,3200.3561050003136,
c97d83b092aa4e3d91b10117455035a7,2025-12-03 03:03:08.475000+00:00,2025-12-03 03:03:12.127000+00:00,FINISHED,jacobi_N513_p4_cubic,scaling,/Shared/LSM-PoissonMPI-v2,400,,,custom,True,0.8,0.0,,4,,,jacobi,cubic,513,33488896,1,1,3.9921875,"Custom (cubic, mixed)",,,,,,,181.78644173,1.8052543338239673e-09,62.237512551999984,2.1457806409998166,0.9761915580658901,,,0.0,400.0,293.603482702373,9.395311446475937,,1509.2649371035698,5059.394999989308,0.00530264700000771,0.15549570799998946,35423.898,5364.451602499542,
65d9d3d5a6ff4eab93ae0511b30d0b3f,2025-12-03 02:54:43.428000+00:00,2025-12-03 02:54:46.984000+00:00,FINISHED,jacobi_N513_p24_sliced,scaling,/Shared/LSM-PoissonMPI-v2,400,,,custom,True,0.8,0.0,,24,,,jacobi,sliced,513,5744662,1,1,3.9843902587890625,"Custom (sliced, contiguous)",,,,,,,63.489014804,1.8052543338239673e-09,28.849463674999868,1.43481296500005,0.9761915580658901,,,0.0,400.0,840.6672014799848,26.901350447359512,,718.922053790453,2571.0930000002463,0.0035758120000011218,0.07218481299999979,16659.261999997456,3587.0324125001252,
484a2c751aee4fa5983372897994324c,2025-12-03 02:53:17.946000+00:00,2025-12-03 02:53:21.690000+00:00,FINISHED,jacobi_N513_p12_sliced,scaling,/Shared/LSM-PoissonMPI-v2,400,,,custom,True,0.8,0.0,,12,,,jacobi,sliced,513,11228203,1,1,3.9843902587890625,"Custom (sliced, contiguous)",,,,,,,75.535841346,1.8052543338239673e-09,31.94139374199989,0.7528924800000625,0.9761915580658902,,,0.0,400.0,706.5934720382429,22.61099110522377,,189.7030747412128,1679.941999995549,0.0019337930000062897,0.07980512499999293,4852.0380000000005,1882.2312000001562,
abc1918da0284d128db40b809d4a580b,2025-12-03 02:51:42.941000+00:00,2025-12-03 02:51:46.544000+00:00,FINISHED,jacobi_N513_p8_sliced,scaling,/Shared/LSM-PoissonMPI-v2,400,,,custom,True,0.8,0.0,,8,,,jacobi,sliced,513,16711744,1,1,3.9843902587890625,"Custom (sliced, contiguous)",,,,,,,100.706940295,1.8052543338239673e-09,39.60394195599994,0.6355022839999918,0.9761915580658901,,,0.0,400.0,529.9846489591931,16.95950876669418,,188.5845786136722,1445.7830000011995,0.0016250230000025567,0.09870029300000738,4660.513,1588.7557099999794,
0a17e8ff069748c0b5269e099aeb6608,2025-12-03 02:49:42.929000+00:00,2025-12-03 02:49:46.600000+00:00,FINISHED,jacobi_N513_p4_sliced,scaling,/Shared/LSM-PoissonMPI-v2,400,,,custom,True,0.8,0.0,,4,,,jacobi,sliced,513,33423488,1,1,3.9843902587890625,"Custom (sliced, contiguous)",,,,,,,182.622446869,1.8052543338239673e-09,65.97089896000003,0.6067925590001372,0.9761915580658901,,,0.0,400.0,292.2594309465473,9.352301790289513,,153.27291337096125,1409.9650000005681,0.0014789569999891228,0.16469129499998303,4085.561999999999,1516.9813975003426,
cf1f3c6370674fc2aa7864b15ea48e9c,2025-12-03 02:42:50.529000+00:00,2025-12-03 02:42:54.241000+00:00,FINISHED,jacobi_N513_p96_cubic,scaling,/Shared/LSM-PoissonMPI-v2,400,,,custom,True,0.8,0.0,,96,,,jacobi,cubic,513,1409024,4,1,0.5859375,"Custom (cubic, mixed)",,,,,,,16.555206388,1.8052543338239673e-09,5.657009138999991,0.3132129840000041,0.9761915580658901,,,0.0,400.0,3223.9484757307155,103.1663512233829,,419.85808233648527,645.7940000004214,0.00070613399999786,0.014324671999997207,8438.540999998522,783.0324600000102,
a6d28c9b6e024682bb35065f794901e4,2025-12-03 02:42:00.829000+00:00,2025-12-03 02:42:04.666000+00:00,FINISHED,jacobi_N513_p96_sliced,scaling,/Shared/LSM-PoissonMPI-v2,400,,,custom,True,0.8,0.0,,96,,,jacobi,sliced,513,1566726,4,1,3.9843902587890625,"Custom (sliced, contiguous)",,,,,,,20.246441569,1.8052543338239673e-09,8.305592665000011,1.4448791860000219,0.9761915580658901,,,0.0,400.0,2636.173483528156,84.357551472901,,813.1584050020363,2140.6029999999632,0.003667908000000608,0.020736633999998588,15385.465000001375,3612.197965000055,
c3c55689270b4701a032a0e8a3256b76,2025-12-03 02:41:16.373000+00:00,2025-12-03 02:41:19.946000+00:00,FINISHED,jacobi_N257_p24_cubic,scaling,/Shared/LSM-PoissonMPI-v2,400,,,custom,True,0.8,0.0,,24,,,jacobi,cubic,257,696320,1,1,0.3740234375,"Custom (cubic, mixed)",,,,,,,7.992026828,1.911513545471695e-08,2.8951608539999922,0.2832320459999934,0.908105507242321,,,0.0,400.0,829.8958628070311,26.556667609824995,,2457.949821348717,492.74399999976737,0.0005177829999993833,0.007264778000000582,49064.261,708.0801149999835,
28d956d830cf4526bb306ec703abc404,2025-12-03 02:41:09.310000+00:00,2025-12-03 02:41:12.895000+00:00,FINISHED,jacobi_N257_p96_cubic,scaling,/Shared/LSM-PoissonMPI-v2,400,,,custom,True,0.8,0.0,,96,,,jacobi,cubic,257,176128,4,1,0.146484375,"Custom (cubic, mixed)",,,,,,,2.07049589,1.911513545471695e-08,0.8278343609999995,0.15701327100000037,0.908105507242321,,,0.0,400.0,3203.363035895715,102.50761714866287,,236.7853799856338,304.7969999998568,0.00034507000000028043,0.002086677999999953,4485.977999999946,392.533177500001,
6da41f7e47a242598f0b5e5a71579b72,2025-12-03 02:40:47.656000+00:00,2025-12-03 02:40:51.172000+00:00,FINISHED,jacobi_N257_p12_cubic,scaling,/Shared/LSM-PoissonMPI-v2,400,,,custom,True,0.8,0.0,,12,,,jacobi,cubic,257,1392640,1,1,0.58203125,"Custom (cubic, mixed)",,,,,,,9.95719404,1.911513545471695e-08,3.374411527999998,0.41704086900000226,0.908105507242321,,,0.0,400.0,666.1063321007653,21.315402627224486,,1705.9495176383018,826.0300000006993,0.0009657270000005269,0.008450303999998354,35083.933000000005,1042.6021725000057,
3e7571609f4e4823beb109dc25da4406,2025-12-03 02:40:36.961000+00:00,2025-12-03 02:40:40.515000+00:00,FINISHED,jacobi_N257_p96_sliced,scaling,/Shared/LSM-PoissonMPI-v2,400,,,custom,True,0.8,0.0,,96,,,jacobi,sliced,257,195075,4,1,0.9922027587890625,"Custom (sliced, contiguous)",,,,,,,2.755315901,1.9115135454716955e-08,1.1017111260000023,0.3694008739999987,0.908105507242321,,,0.0,400.0,2407.1831464380607,77.02986068601794,,2054.7169470593844,537.653999999943,0.0008140169999997227,0.002744208999999831,41916.935000000005,923.5021849999968,
00996f287d304007bb73bee530bc971c,2025-12-03 02:40:20.248000+00:00,2025-12-03 02:40:23.907000+00:00,FINISHED,jacobi_N257_p8_cubic,scaling,/Shared/LSM-PoissonMPI-v2,400,,,custom,True,0.8,0.0,,8,,,jacobi,cubic,257,2097152,1,1,0.75,"Custom (cubic, mixed)",,,,,,,12.836339892,1.9115135454716955e-08,4.275512269999993,0.33489848299998237,0.908105507242321,,,0.0,400.0,516.7010266013297,16.534432851242546,,1745.8156921750037,679.3129999991265,0.0007323879999994176,0.01069028799999927,35686.792,837.246207499956,
98969717f6fe4197a20a63582c99184d,2025-12-03 02:39:50.965000+00:00,2025-12-03 02:39:54.565000+00:00,FINISHED,jacobi_N257_p4_cubic,scaling,/Shared/LSM-PoissonMPI-v2,400,,,custom,True,0.8,0.0,,4,,,jacobi,cubic,257,4177920,1,1,0.99609375,"Custom (cubic, mixed)",,,,,,,23.561381113,1.9115135454716955e-08,7.791201076999993,0.4880577929999556,0.908105507242321,,,0.0,400.0,281.50090048585855,9.008028815547473,,1224.6523869032255,1085.2180000000544,0.0011381000000021402,0.019430129999999934,25658.233,1220.1444824998891,
1ec6f902ccef446a994b7ab167b7f8b9,2025-12-03 02:39:11.289000+00:00,2025-12-03 02:39:14.811000+00:00,FINISHED,jacobi_N257_p2_cubic,scaling,/Shared/LSM-PoissonMPI-v2,400,,,custom,True,0.8,0.0,,2,,,jacobi,cubic,257,8323200,1,1,0.9922027587890625,"Custom (cubic, mixed)",,,,,,,44.787968047,1.911513545471695e-08,14.79935629699999,0.8239402199999745,0.908105507242321,,,0.0,400.0,148.08776305814712,4.7388084178607075,,1459.0996593925822,1868.3550000000437,0.00199683900000025,0.03712425799999863,31164.815,2059.8505499999364,
348edc861699445eaa7202f2c5bdb7da,2025-12-03 02:38:08.380000+00:00,2025-12-03 02:38:12.021000+00:00,FINISHED,jacobi_N257_p24_sliced,scaling,/Shared/LSM-PoissonMPI-v2,400,,,custom,True,0.8,0.0,,24,,,jacobi,sliced,257,715275,1,1,0.9922027587890625,"Custom (sliced, contiguous)",,,,,,,8.74237976,1.9115135454716955e-08,3.482300675000003,0.21498085800001443,0.908105507242321,,,0.0,400.0,758.6664251702559,24.27732560544819,,441.21864100017876,385.2969999993405,0.0004962959999996741,0.008786266999999626,6967.228999999797,537.4521450000361,
88e085e2cf2c4936a3f7b416ec1ffbe3,2025-12-03 02:37:55.454000+00:00,2025-12-03 02:37:59.154000+00:00,FINISHED,jacobi_N513_p72_cubic,scaling,/Shared/LSM-PoissonMPI-v2,400,,,custom,True,0.8,0.0,,72,,,jacobi,cubic,513,1882368,3,1,0.726348876953125,"Custom (cubic, mixed)",,,,,,,22.043562684,1.8052543338239673e-09,7.606648138000004,0.5019730679999774,0.9761915580658902,,,0.0,400.0,2421.257088299076,77.48022682557043,,5243.7770377318475,795.837000000077,0.0009087609999980373,0.019048453999999992,105743.655,1254.9326699999435,
0a33828a9be2403bb0fac97943243af8,2025-12-03 02:37:39.944000+00:00,2025-12-03 02:37:43.515000+00:00,FINISHED,jacobi_N257_p12_sliced,scaling,/Shared/LSM-PoissonMPI-v2,400,,,custom,True,0.8,0.0,,12,,,jacobi,sliced,257,1430550,1,1,0.9922027587890625,"Custom (sliced, contiguous)",,,,,,,9.917877811,1.9115135454716955e-08,3.4862913130000126,0.22619616899998776,0.908105507242321,,,0.0,400.0,668.7468958978083,21.399900668729867,,115.5849112060839,472.79800000010755,0.0005573279999993019,0.00869834700000105,2061.737,565.4904224999694,
5734439ae347451d8259b38efd060670,2025-12-03 02:37:29.196000+00:00,2025-12-03 02:37:32.725000+00:00,FINISHED,jacobi_N513_p48_cubic,scaling,/Shared/LSM-PoissonMPI-v2,400,,,custom,True,0.8,0.0,,48,,,jacobi,cubic,513,2801664,2,1,0.91796875,"Custom (cubic, mixed)",,,,,,,30.16900667,1.8052543338239673e-09,11.068794661999993,1.0052434779999726,0.9761915580658901,,,0.0,400.0,1769.137876623367,56.61241205194775,,2295.6264705062667,1516.2130000003772,0.002522273000000297,0.027812892000000033,47644.028,2513.1086949999312,
2be11d05adcf475d813b842c4ee10b59,2025-12-03 02:37:03.664000+00:00,2025-12-03 02:37:08.027000+00:00,FINISHED,jacobi_N257_p8_sliced,scaling,/Shared/LSM-PoissonMPI-v2,400,,,custom,True,0.8,0.0,,8,,,jacobi,sliced,257,2080800,1,1,0.9922027587890625,"Custom (sliced, contiguous)",,,,,,,12.993694692,1.9115135454716955e-08,4.278853524999996,0.17524917200000956,0.908105507242321,,,0.0,400.0,510.4437311493512,16.33419939677924,,99.47766123853755,393.278000000219,0.0004016010000000847,0.010747203000001093,1855.863,438.12293000002387,
c693a2e3879a4f839cafb3213244a432,2025-12-03 02:36:59.358000+00:00,2025-12-03 02:37:03.216000+00:00,FINISHED,jacobi_N513_p72_sliced,scaling,/Shared/LSM-PoissonMPI-v2,400,,,custom,True,0.8,0.0,,72,,,jacobi,sliced,513,2088968,3,1,3.9843902587890625,"Custom (sliced, contiguous)",,,,,,,41.787395721,1.8052543338239673e-09,10.587339242999978,1.407060047000001,0.9761915580658902,,,0.0,400.0,1277.25433660317,40.872138771301444,,351.767551426655,1738.9190000010046,0.003549610999996844,0.026496446999999534,6089.176,3517.650117500003,
d9fd84e39f7f480bb3feb0fac2784a31,2025-12-03 02:36:34.711000+00:00,2025-12-03 02:36:38.241000+00:00,FINISHED,jacobi_N513_p48_sliced,scaling,/Shared/LSM-PoissonMPI-v2,400,,,custom,True,0.8,0.0,,48,,,jacobi,sliced,513,2872331,2,1,3.9843902587890625,"Custom (sliced, contiguous)",,,,,,,34.038745235,1.8052543338239673e-09,14.851639452999965,1.4119628049999773,0.9761915580658901,,,0.0,400.0,1568.0111599742404,50.1763571191757,,1013.4034793744663,2556.0730000000476,0.003473452000001487,0.03708006899999816,22815.876999999997,3529.907012499943,
07af439afe07487eb0a47d3ae659ff53,2025-12-03 02:36:34.193000+00:00,2025-12-03 02:36:37.774000+00:00,FINISHED,jacobi_N257_p4_sliced,scaling,/Shared/LSM-PoissonMPI-v2,400,,,custom,True,0.8,0.0,,4,,,jacobi,sliced,257,4161600,1,1,0.9922027587890625,"Custom (sliced, contiguous)",,,,,,,23.528499219,1.9115135454716955e-08,7.797282966000002,0.2085258039999994,0.908105507242321,,,0.0,400.0,281.8943077612025,9.020617848358482,,1521.4925345690253,406.1370000023601,0.0004109409999983882,0.01935020499999851,30882.448,521.3145099999986,
560618321a1c474f8b14e8868aa0a648,2025-12-03 02:35:52.256000+00:00,2025-12-03 02:35:55.876000+00:00,FINISHED,jacobi_N257_p2_sliced,scaling,/Shared/LSM-PoissonMPI-v2,400,,,custom,True,0.8,0.0,,2,,,jacobi,sliced,257,8323200,1,1,0.9922027587890625,"Custom (sliced, contiguous)",,,,,,,43.981827121,1.9115135454716955e-08,14.926599190999994,0.21346573300004063,0.908105507242321,,,0.0,400.0,150.8020569894232,4.8256658236615415,,1101.1183777021056,445.8209999995688,0.00047675600000474105,0.03738898699999993,22488.629000000004,533.6643325001015,
a12e7008c9894a2bbc0e6c7a5241fc12,2025-12-03 02:35:48.252000+00:00,2025-12-03 02:35:51.818000+00:00,FINISHED,jacobi_N257_p72_cubic,scaling,/Shared/LSM-PoissonMPI-v2,400,,,custom,True,0.8,0.0,,72,,,jacobi,cubic,257,233920,3,1,0.1807708740234375,"Custom (cubic, mixed)",,,,,,,3.733580496,1.9115135454716955e-08,1.0814109150000046,0.3704029589999983,0.908105507242321,,,0.0,400.0,1776.4582837053688,56.8466650785718,,6105.17084800046,424.32100000000526,0.0005968080000000597,0.002718397999999844,122794.581,926.0073974999958,
1f9f359e3e4644d697ae36311eba4f91,2025-12-03 02:35:36.154000+00:00,2025-12-03 02:35:39.876000+00:00,FINISHED,jacobi_N257_p48_cubic,scaling,/Shared/LSM-PoissonMPI-v2,400,,,custom,True,0.8,0.0,,48,,,jacobi,cubic,257,348160,2,1,0.228515625,"Custom (cubic, mixed)",,,,,,,5.089563467,1.911513545471695e-08,1.5214024560000001,0.7534998159999954,0.9081055072423211,,,0.0,400.0,1303.1667731436114,41.70133674059556,,4065.180428690661,1223.270999999998,0.0016513759999998712,0.003847908000000011,83057.65599999999,1883.7495399999884,
688d8e6801894144bce5ce7e435273bd,2025-12-03 02:35:16.211000+00:00,2025-12-03 02:35:19.781000+00:00,FINISHED,jacobi_N257_p72_sliced,scaling,/Shared/LSM-PoissonMPI-v2,400,,,custom,True,0.8,0.0,,72,,,jacobi,sliced,257,260100,3,1,0.9922027587890625,"Custom (sliced, contiguous)",,,,,,,4.557235127,1.9115135454716955e-08,1.413400030999998,0.3164982629999937,0.908105507242321,,,0.0,400.0,1455.389027593616,46.572448882995715,,132.4084311589389,622.4459999999432,0.0006891599999994114,0.003590350999999714,1867.6019999999999,791.2456574999842,
d41f81227dc54eadae70876df13e4df7,2025-12-03 02:35:06.052000+00:00,2025-12-03 02:35:09.735000+00:00,FINISHED,jacobi_N257_p48_sliced,scaling,/Shared/LSM-PoissonMPI-v2,400,,,custom,True,0.8,0.0,,48,,,jacobi,sliced,257,390150,2,1,0.9922027587890625,"Custom (sliced, contiguous)",,,,,,,5.558899469,1.9115135454716955e-08,2.0207972780000008,0.2914786589999947,0.9081055072423211,,,0.0,400.0,1193.1408432527637,38.18050698408844,,130.90222349278307,533.7839999999261,0.0006574539999997242,0.005111126000000077,1938.846,728.6966474999867,
43d16f84e9f544ed9fa84feae4faed4b,2025-12-03 02:32:10.043000+00:00,2025-12-03 02:32:14.829000+00:00,FINISHED,jacobi_N257_p12_cubic,scaling,/Shared/LSM-PoissonMPI-v2,2000,,,custom,True,0.8,0.0,,12,,,jacobi,cubic,257,1392640,1,1,0.58203125,"Custom (cubic, mixed)",,,,,,,51.497011568,1.2999643493347155e-08,17.257112322999948,1.9134485469999611,0.617559884582767,,,0.0,2000.0,643.9742616172931,20.60717637175338,,588.1370995893852,732.6640000009377,0.0009636340000014343,0.008665256000000454,27019.52,956.7242734999805,
0c8aa303b13049c2a9e295ddbcdf17f6,2025-12-03 02:31:17.020000+00:00,2025-12-03 02:31:21.397000+00:00,FINISHED,jacobi_N257_p2_sliced,scaling,/Shared/LSM-PoissonMPI-v2,200,,,custom,True,0.8,0.0,,2,,,jacobi,sliced,257,8323200,1,1,0.9922027587890625,"Custom (sliced, contiguous)",,,,,,,7.601997999999999,2.005894659452724e-08,2.9158389999999925,0.018784000000016565,0.9529457583654339,,,0.0,200.0,436.23728919686647,13.959593254299726,,122.7130131648586,65.99999999945538,8.300000000005525e-05,0.014222000000000179,1803.9999999999168,93.92000000008282,
016beb14d6d54dbf88e34b2ddfe3aaf3,2025-12-03 02:31:16.874000+00:00,2025-12-03 02:31:21.158000+00:00,FINISHED,jacobi_N257_p2_sliced,scaling,/Shared/LSM-PoissonMPI-v2,200,,,custom,True,0.8,0.0,,2,,,jacobi,sliced,257,8323200,1,1,0.9922027587890625,"Custom (sliced, contiguous)",,,,,,,7.582335,2.005894659452724e-08,3.001408,0.020469999999991995,0.9529457583654339,,,0.0,200.0,437.3685678620108,13.995794171584347,,94.63919642517295,78.00000000024454,9.499999999995623e-05,0.014748000000000872,1332.000000000111,102.34999999995998,
338ebc9a0d7846d18203ace314c85f3d,2025-12-03 02:30:58.701000+00:00,2025-12-03 02:31:03.691000+00:00,FINISHED,jacobi_N257_p12_sliced,scaling,/Shared/LSM-PoissonMPI-v2,2000,,,custom,True,0.8,0.0,,12,,,jacobi,sliced,257,1430550,1,1,0.9922027587890625,"Custom (sliced, contiguous)",,,,,,,52.571588751,1.2999643493347155e-08,17.937598151000067,1.2780935159998459,0.617559884582767,,,0.0,2000.0,630.8112573327772,20.185960234648874,,75.47361205349179,474.18700000179115,0.0005781700000042633,0.00899472500000087,2199.168,639.0467579999229,
5618984276f34884885dda8257d39ef4,2025-12-03 02:30:05.379000+00:00,2025-12-03 02:30:08.211000+00:00,FINISHED,jacobi_N257_p1,scaling,/Shared/LSM-PoissonMPI-v2,200,,,,True,0.8,0.0,,1,,,jacobi,,257,,,1,,sequential,strong,,,,,,10.286627458001021,2.005894659452724e-08,4.195273708872264,,0.9529457583654339,,,0.0,200.0,322.3870032758477,10.316384104827128,,,,,0.020756459009135142,,,
9d1816c8ce9f4f70b60c12760055c865,2025-12-03 02:19:46.482000+00:00,2025-12-03 02:19:51.364000+00:00,FINISHED,jacobi_N257_p8_cubic,scaling,/Shared/LSM-PoissonMPI-v2,2000,,,custom,True,0.8,0.0,,8,,,jacobi,cubic,257,2097152,1,1,0.75,"Custom (cubic, mixed)",,,,,,,67.862227096,1.2999643493347155e-08,22.49203231600004,1.6257838889998548,0.617559884582767,,,0.0,2000.0,488.6775960518795,15.637683073660144,,239.48951120095373,699.9549999999743,0.0008403759999993099,0.011220166000001086,10788.081,812.8919444999274,
571006a2353741b8a38506f9eefcdc96,2025-12-03 02:18:19.841000+00:00,2025-12-03 02:18:24.863000+00:00,FINISHED,jacobi_N257_p8_sliced,scaling,/Shared/LSM-PoissonMPI-v2,2000,,,custom,True,0.8,0.0,,8,,,jacobi,sliced,257,2080800,1,1,0.9922027587890625,"Custom (sliced, contiguous)",,,,,,,67.957721073,1.2999643493347158e-08,22.466503852000002,0.9162630860001596,0.617559884582767,,,0.0,2000.0,487.9909078230664,15.615709050338126,,71.95733365834487,390.94599999955904,0.00039693399999407575,0.011174573999994664,2035.363,458.13154300007983,
ef3dab8c3b6d4de4b35b2fdc1889afe1,2025-12-03 02:06:52.042000+00:00,2025-12-03 02:06:57.092000+00:00,FINISHED,jacobi_N257_p4_cubic,scaling,/Shared/LSM-PoissonMPI-v2,2000,,,custom,True,0.8,0.0,,4,,,jacobi,cubic,257,4177920,1,1,0.99609375,"Custom (cubic, mixed)",,,,,,,124.518088297,1.2999643493347155e-08,41.56117577300001,2.2513816989995203,0.617559884582767,,,0.0,2000.0,266.3287756305763,8.52252082017844,,65.11474333468789,1088.338999998939,0.0011107339999938404,0.02097864200000288,2760.859,1125.6908494997601,
4d699153098b49c1aadb4a50349987eb,2025-12-03 02:05:28.015000+00:00,2025-12-03 02:05:33.958000+00:00,FINISHED,jacobi_N513_p96_cubic,scaling,/Shared/LSM-PoissonMPI-v2,2000,,,custom,True,0.8,0.0,,96,,,jacobi,cubic,513,1409024,4,1,0.5859375,"Custom (cubic, mixed)",,,,,,,83.838119251,1.6393780597804642e-09,30.753518280000133,1.7828637920001351,0.8864927842650089,,,0.0,2000.0,3183.106495996651,101.85940787189284,,487.27710041622,651.8309999989924,0.0007731809999995676,0.015493529000011108,15160.86299999131,891.4318960000676,
643d179a822f43e39097092b346061c1,2025-12-03 02:04:28.936000+00:00,2025-12-03 02:04:33.871000+00:00,FINISHED,jacobi_N257_p4_sliced,scaling,/Shared/LSM-PoissonMPI-v2,2000,,,custom,True,0.8,0.0,,4,,,jacobi,sliced,257,4161600,1,1,0.9922027587890625,"Custom (sliced, contiguous)",,,,,,,122.091863944,1.2999643493347158e-08,41.55671084600001,0.9701884580000834,0.617559884582767,,,0.0,2000.0,271.6212934156759,8.691881389301628,,79.71005629991132,409.5510000041713,0.00042572300000642826,0.020771108000005256,2323.2729999999997,485.0942290000417,
7f5a6564e434492c8f8ee220c6bb0412,2025-12-03 02:03:30.254000+00:00,2025-12-03 02:03:35.249000+00:00,FINISHED,jacobi_N513_p96_sliced,scaling,/Shared/LSM-PoissonMPI-v2,2000,,,custom,True,0.8,0.0,,96,,,jacobi,sliced,513,1566726,4,1,3.9843902587890625,"Custom (sliced, contiguous)",,,,,,,121.061293592,1.6393780597804644e-09,44.572377939999846,7.336576345000053,0.8864927842650089,,,0.0,2000.0,2204.3846887956524,70.54031004146087,,458.3431346189058,2685.2940000026138,0.0035401300000046376,0.022424255000004223,17390.766000005442,3668.288172500027,
ca63f62d5ffa41979e8fe1c8de300202,2025-12-03 02:00:54.688000+00:00,2025-12-03 02:00:59.661000+00:00,FINISHED,jacobi_N257_p96_cubic,scaling,/Shared/LSM-PoissonMPI-v2,2000,,,custom,True,0.8,0.0,,96,,,jacobi,cubic,257,176128,4,1,0.146484375,"Custom (cubic, mixed)",,,,,,,9.965676004,1.2999643493347155e-08,4.269886058999985,0.7709094719999713,0.617559884582767,,,0.0,2000.0,3327.696985802991,106.48630354569572,,192.40386615227857,202.93499999990416,0.0003636779999993678,0.002162636000001328,5743.647999999268,385.45473599998564,
a11074af42e3446c820a67ca780562b6,2025-12-03 02:00:10.732000+00:00,2025-12-03 02:00:15.713000+00:00,FINISHED,jacobi_N257_p96_sliced,scaling,/Shared/LSM-PoissonMPI-v2,2000,,,custom,True,0.8,0.0,,96,,,jacobi,sliced,257,195075,4,1,0.9922027587890625,"Custom (sliced, contiguous)",,,,,,,13.6592074,1.2999643493347155e-08,6.031885120000022,1.746660043000003,0.617559884582767,,,0.0,2000.0,2427.8678131792626,77.6917700217364,,133.0798139262917,633.7650000001194,0.0008565090000001163,0.0030097710000003275,5251.549000000467,873.3300215000015,
73f731fe8fac4f919b03a97970f755e0,2025-12-03 01:59:16.526000+00:00,2025-12-03 01:59:21.432000+00:00,FINISHED,jacobi_N513_p48_cubic,scaling,/Shared/LSM-PoissonMPI-v2,2000,,,custom,True,0.8,0.0,,48,,,jacobi,cubic,513,2801664,2,1,0.91796875,"Custom (cubic, mixed)",,,,,,,146.149143013,1.6393780597804642e-09,55.626910263000255,3.6008561310001435,0.8864927842650089,,,0.0,2000.0,1825.981709494268,58.43141470381658,,1113.1894421223665,1132.2760000007647,0.0016909379999958674,0.02808910199999559,42908.89,1800.4280655000716,
6a26acc18b15440588e74e074e8dcd99,2025-12-03 01:56:24.560000+00:00,2025-12-03 01:56:29.497000+00:00,FINISHED,jacobi_N513_p48_sliced,scaling,/Shared/LSM-PoissonMPI-v2,2000,,,custom,True,0.8,0.0,,48,,,jacobi,sliced,513,2872331,2,1,3.9843902587890625,"Custom (sliced, contiguous)",,,,,,,169.70038077,1.6393780597804642e-09,74.32199369099968,6.834460621999979,0.8864927842650089,,,0.0,2000.0,1572.5696123315774,50.32222759461048,,1340.4883229729967,2059.2449999981,0.0033957469999847945,0.03719946400002527,57541.455,3417.2303109999893,
eecc9947c69b409296ed62e051c6db20,2025-12-03 01:53:05.782000+00:00,2025-12-03 01:53:13.362000+00:00,FINISHED,jacobi_N257_p48_cubic,scaling,/Shared/LSM-PoissonMPI-v2,2000,,,custom,True,0.8,0.0,,48,,,jacobi,cubic,257,348160,2,1,0.228515625,"Custom (cubic, mixed)",,,,,,,23.843358266,1.2999643493347155e-08,7.710886862000058,1.3896152350000137,0.617559884582767,,,0.0,2000.0,1390.8590237176954,44.50748875896625,,4891.921153092544,429.67299999929764,0.0005700000000032901,0.0038488040000004275,219320.813,694.8076175000068,
6a8c5df66e4a401785dc10ebf00885f6,2025-12-03 01:52:08.214000+00:00,2025-12-03 01:52:13.029000+00:00,FINISHED,jacobi_N257_p48_sliced,scaling,/Shared/LSM-PoissonMPI-v2,2000,,,custom,True,0.8,0.0,,48,,,jacobi,sliced,257,390150,2,1,0.9922027587890625,"Custom (sliced, contiguous)",,,,,,,27.093330071,1.2999643493347158e-08,10.172820412999915,1.5663844299999488,0.617559884582767,,,0.0,2000.0,1224.0189712041545,39.16860707853294,,150.79529776758787,475.5270000025291,0.000976301000001456,0.004630228999999986,4845.161000000431,783.1922149999743,
35b67563919149b7b01da7164a4e020b,2025-12-03 01:52:04.879000+00:00,2025-12-03 01:52:10.158000+00:00,FINISHED,jacobi_N257_p2_cubic,scaling,/Shared/LSM-PoissonMPI-v2,2000,,,custom,True,0.8,0.0,,2,,,jacobi,cubic,257,8323200,1,1,0.9922027587890625,"Custom (cubic, mixed)",,,,,,,235.879118509,1.2999643493347158e-08,78.952619312,3.969358059000283,0.617559884582767,,,0.0,2000.0,140.59213977745415,4.498948472878533,,133.58596706674192,1855.3629999988884,0.0020611779999910596,0.039486401999994314,7118.928,1984.6790295001415,
3e603c1258f84da6973930b4376e5af5,2025-12-03 01:51:11.846000+00:00,2025-12-03 01:51:21.086000+00:00,FINISHED,jacobi_N513_p32_cubic,scaling,/Shared/LSM-PoissonMPI-v2,2000,,,custom,True,0.8,0.0,,32,,,jacobi,cubic,513,4194304,2,1,1.25,"Custom (cubic, mixed)",,,,,,,161.83349222,1.6393780597804642e-09,58.46410864399955,5.949271153999927,0.8864927842650089,,,0.0,2000.0,1649.0138001670073,52.76844160534423,,738.5410528093723,2245.6399999839505,0.0027209719999916615,0.029200513000006367,30609.846,2974.6355769999636,
13ee671196cb4ddc8d5b45a7e781c171,2025-12-03 01:50:01.339000+00:00,2025-12-03 01:50:06.354000+00:00,FINISHED,jacobi_N513_p72_cubic,scaling,/Shared/LSM-PoissonMPI-v2,2000,,,custom,True,0.8,0.0,,72,,,jacobi,cubic,513,1882368,3,1,0.726348876953125,"Custom (cubic, mixed)",,,,,,,109.330414641,1.6393780597804642e-09,40.97568481599975,3.534159132999743,0.8864927842650089,,,0.0,2000.0,2440.909630465471,78.10910817489507,,1113.7940494721374,1003.799999999444,0.0017850659999965046,0.02066897299999937,46626.93,1767.0795664998716,
32de7ab171e14439872505d48a96d8c8,2025-12-03 01:48:07.502000+00:00,2025-12-03 01:48:12.286000+00:00,FINISHED,jacobi_N513_p32_sliced,scaling,/Shared/LSM-PoissonMPI-v2,2000,,,custom,True,0.8,0.0,,32,,,jacobi,sliced,513,4177936,2,1,3.9843902587890625,"Custom (sliced, contiguous)",,,,,,,173.062451294,1.6393780597804642e-09,73.51319838699932,4.929658751000078,0.8864927842650089,,,0.0,2000.0,1542.0194271179384,49.34462166777403,,289.6588708355121,1938.2609999998301,0.002652987000004714,0.03638198599998077,12242.101999999999,2464.829375500039,
1377e318f025404193b3323ac790ffbc,2025-12-03 01:47:42.189000+00:00,2025-12-03 01:47:47.048000+00:00,FINISHED,jacobi_N257_p2_sliced,scaling,/Shared/LSM-PoissonMPI-v2,2000,,,custom,True,0.8,0.0,,2,,,jacobi,sliced,257,8323200,1,1,0.9922027587890625,"Custom (sliced, contiguous)",,,,,,,233.535118575,1.2999643493347158e-08,79.73852859800023,1.3827373890006296,0.617559884582767,,,0.0,2000.0,142.0032678697519,4.544104571832061,,94.2977114111958,572.5139999981366,0.0006914459999904921,0.039801641000025256,4440.148,691.3686945003149,
c18ab08318f64852b268a0ca3b83aa08,2025-12-03 01:47:41.275000+00:00,2025-12-03 01:47:46.096000+00:00,FINISHED,jacobi_N513_p72_sliced,scaling,/Shared/LSM-PoissonMPI-v2,2000,,,custom,True,0.8,0.0,,72,,,jacobi,sliced,513,2088968,3,1,3.9843902587890625,"Custom (sliced, contiguous)",,,,,,,129.612786419,1.6393780597804642e-09,56.47094067899963,7.552265458000199,0.8864927842650089,,,0.0,2000.0,2058.945489662585,65.88625566920273,,424.52435135234435,1790.5109999958313,0.0034590330000128233,0.02830362200000991,9486.038000005692,3776.1327290000995,
414bac1e498e4b50ad5c53a736c26fbe,2025-12-03 01:45:01.273000+00:00,2025-12-03 01:45:06.148000+00:00,FINISHED,jacobi_N257_p72_cubic,scaling,/Shared/LSM-PoissonMPI-v2,2000,,,custom,True,0.8,0.0,,72,,,jacobi,cubic,257,233920,3,1,0.1807708740234375,"Custom (cubic, mixed)",,,,,,,17.73254114,1.2999643493347155e-08,5.849492156000029,1.2696334540000196,0.617559884582767,,,0.0,2000.0,1870.1634321994306,59.845229830381776,,284.2938246441485,344.9470000003174,0.000614984999998569,0.002946078999997326,8257.071999999254,634.8167270000098,
ddf91654e62545c19d9215f0500ea5c2,2025-12-03 01:44:51.656000+00:00,2025-12-03 01:44:56.575000+00:00,FINISHED,jacobi_N257_p32_cubic,scaling,/Shared/LSM-PoissonMPI-v2,2000,,,custom,True,0.8,0.0,,32,,,jacobi,cubic,257,524288,2,1,0.3125,"Custom (cubic, mixed)",,,,,,,26.031552855,1.2999643493347158e-08,7.947628758999983,1.0377582530000462,0.617559884582767,,,0.0,2000.0,1273.944362240775,40.7662195917048,,1028.9413032874809,418.8240000004839,0.0009006129999988843,0.0036391460000011477,46429.831999999995,518.8791265000231,
a9ea1d4f74464226a9be1841973b0545,2025-12-03 01:44:13.060000+00:00,2025-12-03 01:44:18.428000+00:00,FINISHED,jacobi_N257_p72_sliced,scaling,/Shared/LSM-PoissonMPI-v2,2000,,,custom,True,0.8,0.0,,72,,,jacobi,sliced,257,260100,3,1,0.9922027587890625,"Custom (sliced, contiguous)",,,,,,,21.613649509,1.2999643493347158e-08,7.445487344999975,1.84610229299999,0.617559884582767,,,0.0,2000.0,1534.34291539663,49.09897329269216,,301.48485594983623,471.5700000001988,0.0008765129999979138,0.003751419000000311,11745.920000000076,923.051146499995,
8f0d92fa74cc4dda98149ae2f8f43b62,2025-12-03 01:44:03.191000+00:00,2025-12-03 01:44:08.380000+00:00,FINISHED,jacobi_N257_p32_sliced,scaling,/Shared/LSM-PoissonMPI-v2,2000,,,custom,True,0.8,0.0,,32,,,jacobi,sliced,257,520200,2,1,0.9922027587890625,"Custom (sliced, contiguous)",,,,,,,25.830483789,1.2999643493347158e-08,8.5616517359999,1.070039512999946,0.617559884582767,,,0.0,2000.0,1283.8609710485746,41.08355107355438,,578.7215107992981,426.3339999965865,0.0005236610000025621,0.004285827000000353,26236.708000000002,535.019756499973,
1c3e30d72ae34ae38b9f59a2f17a5885,2025-12-03 01:33:05.248000+00:00,2025-12-03 01:33:10.173000+00:00,FINISHED,jacobi_N257_p12_cubic,scaling,/Shared/LSM-PoissonMPI-v2,2000,,,custom,True,0.8,0.0,,12,,,jacobi,cubic,257,1392640,1,1,0.58203125,"Custom (cubic, mixed)",,,,,,,54.051563048,1.2999643493347155e-08,18.17486871999986,1.7037437970000608,0.617559884582767,,,0.0,2000.0,613.5391491000939,19.633252771203004,,767.0066916920342,641.1910000068133,0.0008186980000033373,0.009173871999998084,34963.787,851.8718985000304,
30457224dc7b47b892bf37991bcbadb9,2025-12-03 01:32:56.085000+00:00,2025-12-03 01:33:00.819000+00:00,FINISHED,jacobi_N257_p12_sliced,scaling,/Shared/LSM-PoissonMPI-v2,2000,,,custom,True,0.8,0.0,,12,,,jacobi,sliced,257,1430550,1,1,0.9922027587890625,"Custom (sliced, contiguous)",,,,,,,52.631678835,1.2999643493347155e-08,17.781425554999853,1.3216447759999008,0.617559884582767,,,0.0,2000.0,630.0910541722415,20.162913733511726,,283.21317757846094,497.4000000004253,0.0005919700000021066,0.008790300000001139,12517.191,660.8223879999505,
238a00b19ad64239a8a7f303e2fee4b1,2025-12-03 01:31:36.848000+00:00,2025-12-03 01:31:41.844000+00:00,FINISHED,jacobi_N257_p8_cubic,scaling,/Shared/LSM-PoissonMPI-v2,2000,,,custom,True,0.8,0.0,,8,,,jacobi,cubic,257,2097152,1,1,0.75,"Custom (cubic, mixed)",,,,,,,69.021442883,1.2999643493347155e-08,23.100887669000176,1.6439429119999567,0.617559884582767,,,0.0,2000.0,480.47025119737094,15.37504803831587,,426.60946412572247,721.325000000661,0.0007847859999969842,0.011563827999992782,19684.635,821.9714559999783,
b3b20388baff455abf6006f78a269827,2025-12-03 01:31:29.696000+00:00,2025-12-03 01:31:34.598000+00:00,FINISHED,jacobi_N257_p8_sliced,scaling,/Shared/LSM-PoissonMPI-v2,2000,,,custom,True,0.8,0.0,,8,,,jacobi,sliced,257,2080800,1,1,0.9922027587890625,"Custom (sliced, contiguous)",,,,,,,67.913193045,1.2999643493347158e-08,22.339665071000056,0.9096356480000058,0.617559884582767,,,0.0,2000.0,488.3108644004709,15.62594766081507,,66.8643890831108,383.0449999995267,0.0004583669999931317,0.011158335999994051,1840.681,454.81782400000293,
b118b4eab58c48c097ac0b3dd7a7ff48,2025-12-03 01:29:55.432000+00:00,2025-12-03 01:30:00.623000+00:00,FINISHED,jacobi_N257_p2_cubic,scaling,/Shared/LSM-PoissonMPI-v2,2000,,,custom,True,0.8,0.0,,2,,,jacobi,cubic,257,8323200,1,1,0.9922027587890625,"Custom (cubic, mixed)",,,,,,,239.17956645,1.2999643493347158e-08,79.52846203299964,4.450383775999875,0.617559884582767,,,0.0,2000.0,138.6521034895036,4.436867311664114,,63.82133510174888,2025.1259999994886,0.002313264999997955,0.03956361599998104,4009.535,2225.191887999937,
56d5544fb51e48ce83be282cd263a76b,2025-12-03 01:29:48.936000+00:00,2025-12-03 01:29:54.339000+00:00,FINISHED,jacobi_N257_p2_sliced,scaling,/Shared/LSM-PoissonMPI-v2,2000,,,custom,True,0.8,0.0,,2,,,jacobi,sliced,257,8323200,1,1,0.9922027587890625,"Custom (sliced, contiguous)",,,,,,,232.186536142,1.2999643493347158e-08,78.63426136800024,0.9699910589990018,0.617559884582767,,,0.0,2000.0,142.82804916697847,4.570497573343311,,162.839470360122,452.8139999990799,0.0004819620000091618,0.03917374099998483,7583.708999999999,484.9955294995009,
4939f6f5640c4a1587593d81b1de6470,2025-12-03 01:28:17.699000+00:00,2025-12-03 01:28:23.254000+00:00,FINISHED,jacobi_N257_p4_cubic,scaling,/Shared/LSM-PoissonMPI-v2,2000,,,custom,True,0.8,0.0,,4,,,jacobi,cubic,257,4177920,1,1,0.99609375,"Custom (cubic, mixed)",,,,,,,124.123320846,1.2999643493347155e-08,41.57532347600023,2.3036787500000195,0.617559884582767,,,0.0,2000.0,267.1758197731841,8.549626232741891,,998.1183814155639,1096.0220000129084,0.0011248359999882496,0.020750384999999483,45700.89600000001,1151.8393750000096,
17627778fe3d4547b02110b17893631f,2025-12-03 01:28:16.197000+00:00,2025-12-03 01:28:21.369000+00:00,FINISHED,jacobi_N257_p4_sliced,scaling,/Shared/LSM-PoissonMPI-v2,2000,,,custom,True,0.8,0.0,,4,,,jacobi,sliced,257,4161600,1,1,0.9922027587890625,"Custom (sliced, contiguous)",,,,,,,121.959746615,1.2999643493347158e-08,41.273965334999914,0.9964439099995193,0.617559884582767,,,0.0,2000.0,271.9155370557425,8.70129718578376,,565.8149461068855,417.3310000012975,0.0004651310000127751,0.020731883999999923,25663.582000000002,498.2219549997596,
35dcada44c994d5085bc02775142deb8,2025-12-03 01:00:45.774000+00:00,2025-12-03 01:00:50.777000+00:00,FINISHED,jacobi_N257_p96_cubic,scaling,/Shared/LSM-PoissonMPI,2000,,,custom,True,0.8,0.0,,96,,,jacobi,cubic,257,176128,4,1,0.146484375,"Custom (cubic, mixed)",,,,,,,10.231573909,1.2999643493347155e-08,4.291199469999996,0.8853678450000386,0.617559884582767,,,0.0,2000.0,3241.21687386034,103.71893996353089,,2645.697142665844,224.43499999980077,0.00035448300000062716,0.002157006000000905,118348.16,442.6839225000193,
6d0cb2aa149642fb8d312090ce42ab0a,2025-12-03 00:59:46.928000+00:00,2025-12-03 00:59:57.595000+00:00,FINISHED,jacobi_N257_p96_sliced,scaling,/Shared/LSM-PoissonMPI,2000,,,custom,True,0.8,0.0,,96,,,jacobi,sliced,257,195075,4,1,0.9922027587890625,"Custom (sliced, contiguous)",,,,,,,13.342713387,1.2999643493347155e-08,5.511169766999971,1.7276315749999958,0.617559884582767,,,0.0,2000.0,2485.457720489668,79.53464705566938,,184.67725042321746,574.0950000001633,0.00087772300000033,0.002720756000000435,5493.462999999643,863.8157874999979,
f22bd502d6014942827b17d8dea982f6,2025-12-03 00:58:48.139000+00:00,2025-12-03 00:58:53.883000+00:00,FINISHED,jacobi_N257_p72_cubic,scaling,/Shared/LSM-PoissonMPI,2000,,,custom,True,0.8,0.0,,72,,,jacobi,cubic,257,233920,3,1,0.1807708740234375,"Custom (cubic, mixed)",,,,,,,31.624769745,1.2999643493347155e-08,5.396145109999986,1.4818540539999743,0.617559884582767,,,0.0,2000.0,1048.632140799797,33.5562285055935,,6480.281829716519,328.1489999999998,0.0005910900000003494,0.0027210750000001838,290351.576,740.9270269999871,
6cbea88430054296883d6a5c4f471727,2025-12-03 00:58:30.413000+00:00,2025-12-03 00:58:36.816000+00:00,FINISHED,jacobi_N257_p72_sliced,scaling,/Shared/LSM-PoissonMPI,2000,,,custom,True,0.8,0.0,,72,,,jacobi,sliced,257,260100,3,1,0.9922027587890625,"Custom (sliced, contiguous)",,,,,,,20.404194061,1.2999643493347158e-08,7.087589907000094,1.7064852990000101,0.617559884582767,,,0.0,2000.0,1625.2908544614536,52.009307342766505,,234.46675834146978,555.0939999992011,0.0008778410000012116,0.0035908639999995273,8091.341999999279,853.2426495000051,
b7294f01f60e4f6db840e12223fc54dd,2025-12-03 00:57:26.678000+00:00,2025-12-03 00:57:32.552000+00:00,FINISHED,jacobi_N257_p48_cubic,scaling,/Shared/LSM-PoissonMPI,2000,,,custom,True,0.8,0.0,,48,,,jacobi,cubic,257,348160,2,1,0.228515625,"Custom (cubic, mixed)",,,,,,,24.216507222,1.2999643493347155e-08,7.529601098000062,1.0304922140000123,0.617559884582767,,,0.0,2000.0,1369.427461028426,43.82167875290963,,1791.1055459036936,353.0539999996307,0.00044317000000049234,0.003788706000001696,79899.161,515.2461070000062,
b56ead136bf94f79ba47deabdcf8cb7c,2025-12-03 00:57:13.630000+00:00,2025-12-03 00:57:18.785000+00:00,FINISHED,jacobi_N257_p48_sliced,scaling,/Shared/LSM-PoissonMPI,2000,,,custom,True,0.8,0.0,,48,,,jacobi,sliced,257,390150,2,1,0.9922027587890625,"Custom (sliced, contiguous)",,,,,,,28.43170221,1.2999643493347158e-08,11.063589961000055,1.606531807999979,0.617559884582767,,,0.0,2000.0,1166.400441136303,37.32481411636169,,104.5063211471682,510.8830000004616,0.0007190060000006326,0.00561255499999902,3081.3040000001733,803.2659039999895,
1a892b4d078c40e489fda70d91870893,2025-12-03 00:56:40.973000+00:00,2025-12-03 00:56:49.291000+00:00,FINISHED,jacobi_N257_p32_cubic,scaling,/Shared/LSM-PoissonMPI,2000,,,custom,True,0.8,0.0,,32,,,jacobi,cubic,257,524288,2,1,0.3125,"Custom (cubic, mixed)",,,,,,,26.605360068,1.2999643493347158e-08,7.905183123999945,1.26076558199999,0.617559884582767,,,0.0,2000.0,1246.4687534857685,39.88700011154459,,6567.475160084925,395.9120000001093,0.0004779989999974532,0.003962907999998322,294175.529,630.382790999995,
a9c7b71b62f245f5aee05f24ff8ade0f,2025-12-03 00:56:27.113000+00:00,2025-12-03 00:56:32.668000+00:00,FINISHED,jacobi_N257_p2_cubic,scaling,/Shared/LSM-PoissonMPI,2000,,,custom,True,0.8,0.0,,2,,,jacobi,cubic,257,8323200,1,1,0.9922027587890625,"Custom (cubic, mixed)",,,,,,,239.019110023,1.2999643493347158e-08,79.00856174399992,4.051561355000219,0.617559884582767,,,0.0,2000.0,138.7451823279271,4.439845834493667,,125.55209390286045,1941.6779999801292,0.0019986129999836066,0.03951908199999821,7237.487,2025.7806775001095,
a061017bd63941e9a7883c12b1e75f57,2025-12-03 00:56:20.013000+00:00,2025-12-03 00:56:26.882000+00:00,FINISHED,jacobi_N257_p2_sliced,scaling,/Shared/LSM-PoissonMPI,2000,,,custom,True,0.8,0.0,,2,,,jacobi,sliced,257,8323200,1,1,0.9922027587890625,"Custom (sliced, contiguous)",,,,,,,232.472560989,1.2999643493347158e-08,78.86503619000011,1.3093258760003141,0.617559884582767,,,0.0,2000.0,142.6523193056284,4.564874217780109,,199.3841224547559,473.30000001011285,0.0007051280000212046,0.0392576910000173,9207.506000000001,654.6629380001572,
fb7cc6c49cc64a0faad4b866c074960b,2025-12-03 00:56:08.750000+00:00,2025-12-03 00:56:13.568000+00:00,FINISHED,jacobi_N257_p32_sliced,scaling,/Shared/LSM-PoissonMPI,2000,,,custom,True,0.8,0.0,,32,,,jacobi,sliced,257,520200,2,1,0.9922027587890625,"Custom (sliced, contiguous)",,,,,,,26.707926044,1.2999643493347158e-08,8.40237996499998,1.0869451539999846,0.617559884582767,,,0.0,2000.0,1241.681961578222,39.7338227705031,,96.36709779736324,472.93100000000976,0.0005868390000003387,0.004193779000001285,3872.69400000001,543.4725769999923,
927c3a5a10c646d69bc07e09748491ff,2025-12-03 00:55:45.867000+00:00,2025-12-03 00:55:51.237000+00:00,FINISHED,jacobi_N257_p24_cubic,scaling,/Shared/LSM-PoissonMPI,2000,,,custom,True,0.8,0.0,,24,,,jacobi,cubic,257,696320,1,1,0.3740234375,"Custom (cubic, mixed)",,,,,,,40.28863483,1.2999643493347155e-08,14.541319541000007,1.185554979999989,0.617559884582767,,,0.0,2000.0,823.1291563968836,26.340133004700274,,233.0279424202084,501.23800000001495,0.0005506690000061099,0.007329385999994997,6447.952000000146,592.7774899999944,
4c750ec5021c4309ae6f2c7646407149,2025-12-03 00:55:37.123000+00:00,2025-12-03 00:55:42.407000+00:00,FINISHED,jacobi_N257_p24_sliced,scaling,/Shared/LSM-PoissonMPI,2000,,,custom,True,0.8,0.0,,24,,,jacobi,sliced,257,715275,1,1,0.9922027587890625,"Custom (sliced, contiguous)",,,,,,,42.981530505,1.2999643493347155e-08,17.405560719999915,1.1238007869999616,0.617559884582767,,,0.0,2000.0,771.5581462633633,24.689860680427625,,186.82241617724054,437.0950000023299,0.0005646660000024895,0.008728374000000372,6122.618999999218,561.9003934999807,
b493aea95d094d718d41aa8554aa9bb1,2025-12-03 00:55:12.527000+00:00,2025-12-03 00:55:17.588000+00:00,FINISHED,jacobi_N257_p12_cubic,scaling,/Shared/LSM-PoissonMPI,2000,,,custom,True,0.8,0.0,,12,,,jacobi,cubic,257,1392640,1,1,0.58203125,"Custom (cubic, mixed)",,,,,,,53.356436522,1.2999643493347155e-08,17.962934767000117,2.2125533830000332,0.617559884582767,,,0.0,2000.0,621.5323241522377,19.889034372871606,,216.0720700936861,908.5940000019832,0.0010803670000001375,0.008976611000001355,10152.465000000002,1106.2766915000166,
24d8aab4fe1645f5bf507297c472e347,2025-12-03 00:55:10.677000+00:00,2025-12-03 00:55:16.135000+00:00,FINISHED,jacobi_N257_p12_sliced,scaling,/Shared/LSM-PoissonMPI,2000,,,custom,True,0.8,0.0,,12,,,jacobi,sliced,257,1430550,1,1,0.9922027587890625,"Custom (sliced, contiguous)",,,,,,,53.027196458,1.2999643493347155e-08,17.882828098000168,1.2743018740000123,0.617559884582767,,,0.0,2000.0,625.3913503850131,20.012523212320417,,82.05593651705371,447.49999999993406,0.0006118499999985261,0.009112895999997761,2187.207,637.1509370000061,
1eddf514c3ea470ebe8808af971d85ed,2025-12-03 00:54:33.153000+00:00,2025-12-03 00:54:37.947000+00:00,FINISHED,jacobi_N257_p4_cubic,scaling,/Shared/LSM-PoissonMPI,2000,,,custom,True,0.8,0.0,,4,,,jacobi,cubic,257,4177920,1,1,0.99609375,"Custom (cubic, mixed)",,,,,,,124.786861481,1.2999643493347155e-08,41.62358395799997,2.510698239999775,0.617559884582767,,,0.0,2000.0,265.75514125779455,8.504164520249427,,882.9605739926008,1136.5579999988995,0.0012469079999988253,0.020964498999987313,40478.843,1255.3491199998873,
edcdf50f55124dedbba8395c59a07fcd,2025-12-03 00:54:23.217000+00:00,2025-12-03 00:54:28.136000+00:00,FINISHED,jacobi_N257_p4_sliced,scaling,/Shared/LSM-PoissonMPI,2000,,,custom,True,0.8,0.0,,4,,,jacobi,sliced,257,4161600,1,1,0.9922027587890625,"Custom (sliced, contiguous)",,,,,,,117.080495262,1.2999643493347158e-08,39.082885211999965,1.18007450400015,0.617559884582767,,,0.0,2000.0,283.2474352434979,9.06391792779193,,934.5226541855692,417.5549999985151,0.0005646799999965424,0.019650494999993384,42339.39200000001,590.037252000075,
a634c0e505d94e2099b64283275cd278,2025-12-03 00:53:49.365000+00:00,2025-12-03 00:53:54.143000+00:00,FINISHED,jacobi_N257_p8_cubic,scaling,/Shared/LSM-PoissonMPI,2000,,,custom,True,0.8,0.0,,8,,,jacobi,cubic,257,2097152,1,1,0.75,"Custom (cubic, mixed)",,,,,,,67.973948909,1.2999643493347155e-08,22.617792332999997,1.541549847000247,0.617559884582767,,,0.0,2000.0,487.8744067730503,15.611981016737607,,651.8188819141518,700.387000000191,0.0007370250000064971,0.01137891300000149,29680.832000000002,770.7749235001236,
4695b6cfc34444288b4329c384789792,2025-12-03 00:53:49.164000+00:00,2025-12-03 00:53:54.071000+00:00,FINISHED,jacobi_N257_p8_sliced,scaling,/Shared/LSM-PoissonMPI,2000,,,custom,True,0.8,0.0,,8,,,jacobi,sliced,257,2080800,1,1,0.9922027587890625,"Custom (sliced, contiguous)",,,,,,,68.227742816,1.2999643493347158e-08,22.67230306599989,1.0232956759999032,0.617559884582767,,,0.0,2000.0,486.05960905719786,15.553907489830332,,69.87802532394029,406.23599999989324,0.0004912990000036643,0.011392881000006128,2047.4569999999999,511.6478379999516,
008c2e7b63f64273b139e42e2f2c822d,2025-12-03 00:51:26.468000+00:00,2025-12-03 00:51:31.768000+00:00,FINISHED,jacobi_N257_p48_sliced,scaling,/Shared/LSM-PoissonMPI,2000,,,custom,True,0.8,0.0,,48,,,jacobi,sliced,257,390150,2,1,0.9922027587890625,"Custom (sliced, contiguous)",,,,,,,25.511560065,1.2999643493347158e-08,9.557964708000076,1.7448122759998834,0.617559884582767,,,0.0,2000.0,1299.9107038340974,41.597142522691115,,893.9187200968204,568.4889999990617,0.0009336869999998498,0.004716544000000766,39925.667,872.4061379999417,
e79ec02bce9f473bba5ca9428edb519e,2025-12-03 00:51:07.861000+00:00,2025-12-03 00:51:12.949000+00:00,FINISHED,jacobi_N257_p32_cubic,scaling,/Shared/LSM-PoissonMPI,2000,,,custom,True,0.8,0.0,,32,,,jacobi,cubic,257,524288,2,1,0.3125,"Custom (cubic, mixed)",,,,,,,26.257702659,1.2999643493347158e-08,7.900463270999987,1.180592063000016,0.617559884582767,,,0.0,2000.0,1262.9722573476265,40.41511223512404,,720.5372280758548,429.9070000008953,0.0005347160000006568,0.003978465999999514,32393.737999999998,590.2960315000079,
388acac327e747b8b6250e777899cc03,2025-12-03 00:50:37.116000+00:00,2025-12-03 00:50:48.887000+00:00,FINISHED,jacobi_N257_p2_cubic,scaling,/Shared/LSM-PoissonMPI,2000,,,custom,True,0.8,0.0,,2,,,jacobi,cubic,257,8323200,1,1,0.9922027587890625,"Custom (cubic, mixed)",,,,,,,236.271152014,1.2999643493347158e-08,78.90046963199991,4.042973893000184,0.617559884582767,,,0.0,2000.0,140.35886191486878,4.491483581275801,,62.143189159789735,1928.6809999954357,0.002021456000022681,0.039452965999998924,3955.5480000000007,2021.4869465000922,
19e4c7680bb044f3bf3353f105737ba1,2025-12-03 00:50:31.642000+00:00,2025-12-03 00:50:41.400000+00:00,FINISHED,jacobi_N257_p2_sliced,scaling,/Shared/LSM-PoissonMPI,2000,,,custom,True,0.8,0.0,,2,,,jacobi,sliced,257,8323200,1,1,0.9922027587890625,"Custom (sliced, contiguous)",,,,,,,231.485557604,1.2999643493347158e-08,78.75566523199987,0.9790789449997185,0.617559884582767,,,0.0,2000.0,143.2605573464379,4.584337835086013,,299.45058064529695,451.77500000015414,0.00048690599999190454,0.03903705099997978,13772.063999999998,489.53947249985924,
cae5da5d4c404690a4274ca4e8d9881f,2025-12-03 00:50:20.570000+00:00,2025-12-03 00:50:30.266000+00:00,FINISHED,jacobi_N257_p32_sliced,scaling,/Shared/LSM-PoissonMPI,2000,,,custom,True,0.8,0.0,,32,,,jacobi,sliced,257,520200,2,1,0.9922027587890625,"Custom (sliced, contiguous)",,,,,,,25.909733243,1.2999643493347158e-08,8.490204301,1.1339547840000008,0.617559884582767,,,0.0,2000.0,1279.934057559606,40.957889841907395,,49.866388586705725,468.8900000004992,0.0005996450000012032,0.004190448999999319,1747.827,566.9773920000003,
203679c92c3e4c9b95a3d0b3bf662d8c,2025-12-03 00:50:00.552000+00:00,2025-12-03 00:50:11.429000+00:00,FINISHED,jacobi_N257_p24_cubic,scaling,/Shared/LSM-PoissonMPI,2000,,,custom,True,0.8,0.0,,24,,,jacobi,cubic,257,696320,1,1,0.3740234375,"Custom (cubic, mixed)",,,,,,,42.284642789,1.2999643493347155e-08,15.64822388699987,1.7549170460001118,0.617559884582767,,,0.0,2000.0,784.274096046686,25.096771073493954,,438.1321150815743,615.3859999997735,0.0008453999999957773,0.0078441490000003,12172.94199999941,877.458523000056,
0e2260007eee4ab2a5a25195181700b6,2025-12-03 00:50:00.012000+00:00,2025-12-03 00:50:08.951000+00:00,FINISHED,jacobi_N257_p24_sliced,scaling,/Shared/LSM-PoissonMPI,2000,,,custom,True,0.8,0.0,,24,,,jacobi,sliced,257,715275,1,1,0.9922027587890625,"Custom (sliced, contiguous)",,,,,,,44.443511687,1.2999643493347155e-08,17.351013364000067,1.0595383670000482,0.617559884582767,,,0.0,2000.0,746.1775350596408,23.877681121908505,,75.01163344706688,434.21700000001454,0.0005683939999983068,0.00867611700000026,2164.772,529.7691835000243,
9d9fb6a0e9734e1a94778286140aba41,2025-12-03 00:49:23.751000+00:00,2025-12-03 00:49:28.556000+00:00,FINISHED,jacobi_N257_p12_cubic,scaling,/Shared/LSM-PoissonMPI,2000,,,custom,True,0.8,0.0,,12,,,jacobi,cubic,257,1392640,1,1,0.58203125,"Custom (cubic, mixed)",,,,,,,51.324678187,1.2999643493347155e-08,17.365060903000096,1.667130298000005,0.617559884582767,,,0.0,2000.0,646.1365403826296,20.67636929224415,,916.3020588843085,626.804999999564,0.0008285310000033519,0.008681251999995254,41440.246,833.5651490000024,
c79b5438066142ac84e6e96a7e33c01f,2025-12-03 00:49:14.676000+00:00,2025-12-03 00:49:28.131000+00:00,FINISHED,jacobi_N257_p12_sliced,scaling,/Shared/LSM-PoissonMPI,2000,,,custom,True,0.8,0.0,,12,,,jacobi,sliced,257,1430550,1,1,0.9922027587890625,"Custom (sliced, contiguous)",,,,,,,49.576717609,1.2999643493347155e-08,17.394105102999944,1.0198381660000448,0.617559884582767,,,0.0,2000.0,668.9178227075635,21.40537032664203,,694.6945725507778,389.79699999996956,0.00046736400000213507,0.00878862700000127,31494.683,509.9190830000224,
77b543ec6b7d41799b7c044f92d25777,2025-12-03 00:48:44.962000+00:00,2025-12-03 00:48:49.989000+00:00,FINISHED,jacobi_N257_p4_cubic,scaling,/Shared/LSM-PoissonMPI,2000,,,custom,True,0.8,0.0,,4,,,jacobi,cubic,257,4177920,1,1,0.99609375,"Custom (cubic, mixed)",,,,,,,125.64762813,1.2999643493347155e-08,41.9436490600001,2.5130644259997483,0.617559884582767,,,0.0,2000.0,263.93454849532463,8.445905551850387,,900.8366258724031,1133.8709999932917,0.001260772999998494,0.020969358000002103,41382.85200000005,1256.5322129998742,
f033abeaaf194079b80c82d90ff26cad,2025-12-03 00:48:42.385000+00:00,2025-12-03 00:48:47.515000+00:00,FINISHED,jacobi_N257_p4_sliced,scaling,/Shared/LSM-PoissonMPI,2000,,,custom,True,0.8,0.0,,4,,,jacobi,sliced,257,4161600,1,1,0.9922027587890625,"Custom (sliced, contiguous)",,,,,,,122.775377297,1.2999643493347158e-08,41.61301530500009,0.9801333289999872,0.617559884582767,,,0.0,2000.0,270.1091271727684,8.64349206952859,,479.9342224505754,425.8939999957079,0.0004725250000063852,0.020733421999992174,21839.857,490.0666644999936,
1ed8efc454994e2aa0aeb0d1e02a01fa,2025-12-03 00:47:59.927000+00:00,2025-12-03 00:48:06.351000+00:00,FINISHED,jacobi_N257_p8_cubic,scaling,/Shared/LSM-PoissonMPI,2000,,,custom,True,0.8,0.0,,8,,,jacobi,cubic,257,2097152,1,1,0.75,"Custom (cubic, mixed)",,,,,,,67.63364275,1.2999643493347155e-08,22.52387863300011,1.5525076169997878,0.617559884582767,,,0.0,2000.0,490.3292008473106,15.690534427113937,,592.3884996788628,700.3889999950275,0.0007535049999916055,0.01125625000000241,26973.412000000004,776.2538084998937,
26f6da74ef624d759bbf7da8f7acbd69,2025-12-03 00:47:55.002000+00:00,2025-12-03 00:48:01.131000+00:00,FINISHED,jacobi_N257_p8_sliced,scaling,/Shared/LSM-PoissonMPI,2000,,,custom,True,0.8,0.0,,8,,,jacobi,sliced,257,2080800,1,1,0.9922027587890625,"Custom (sliced, contiguous)",,,,,,,64.276891916,1.2999643493347158e-08,21.34051977400003,0.9275868650000318,0.617559884582767,,,0.0,2000.0,515.9358054110428,16.509945773153365,,59.781565471409465,365.56699999934494,0.00045505299999604176,0.01062673499998823,2065.9300000000003,463.79343250001597,
faec51308f1d4d3db835affe5ae6aad6,2025-12-03 00:44:47.258000+00:00,2025-12-03 00:44:50.336000+00:00,FINISHED,jacobi_N257_p96_cubic,scaling,/Shared/LSM-PoissonMPI,100,,,custom,True,0.8,0.0,,96,,,jacobi,cubic,257,176128,4,1,0.146484375,"Custom (cubic, mixed)",,,,,,,0.475985407,2.054818623374193e-08,0.20081862200000017,0.041843499000000214,0.976189421590449,,,0.0,100.0,3483.5889412046618,111.47484611854918,,157.06453590983006,344.2610000000679,0.0003442610000000679,0.0020128440000000136,1935.24,418.43499000000213,
ab4252de6c754a3dac7e4967067773f4,2025-12-03 00:44:06.848000+00:00,2025-12-03 00:44:10.157000+00:00,FINISHED,jacobi_N257_p96_sliced,scaling,/Shared/LSM-PoissonMPI,100,,,custom,True,0.8,0.0,,96,,,jacobi,sliced,257,195075,4,1,0.9922027587890625,"Custom (sliced, contiguous)",,,,,,,0.851110241,2.054818623374193e-08,0.2938063569999999,0.0951679729999998,0.976189421590449,,,0.0,100.0,1948.2053206783114,62.342570261705966,,151.58007387594404,716.6989999999319,0.0008586499999999608,0.0029928040000000156,2101.083,951.6797299999979,
24586405c57a43bcb385c67f2e1a6a7a,2025-12-03 00:43:22.387000+00:00,2025-12-03 00:43:25.526000+00:00,FINISHED,jacobi_N257_p72_cubic,scaling,/Shared/LSM-PoissonMPI,100,,,custom,True,0.8,0.0,,72,,,jacobi,cubic,257,233920,3,1,0.1807708740234375,"Custom (cubic, mixed)",,,,,,,1.152292542,2.054818623374193e-08,0.27850607799999993,0.3326332209999992,0.9761894215904491,,,0.0,100.0,1438.9900477200172,46.04768152704055,,26737.607053775086,562.6360000000608,0.0005795120000000598,0.0028613840000000224,269361.872,3326.3322099999923,
24f6320fba364a7fb120992edf04fbf7,2025-12-03 00:43:17.378000+00:00,2025-12-03 00:43:20.475000+00:00,FINISHED,jacobi_N257_p72_sliced,scaling,/Shared/LSM-PoissonMPI,100,,,custom,True,0.8,0.0,,72,,,jacobi,sliced,257,260100,3,1,0.9922027587890625,"Custom (sliced, contiguous)",,,,,,,1.10283006,2.054818623374193e-08,0.3531799399999995,0.15084980099999973,0.9761894215904491,,,0.0,100.0,1503.5294739789736,48.11294316732716,,379.67979558797964,1227.7639999999924,0.0014402609999999427,0.0035459110000000127,5123.102000000004,1508.4980099999973,
42e315ce19ed47f1a6f4fbae4e0a9512,2025-12-03 00:42:32.111000+00:00,2025-12-03 00:42:35.633000+00:00,FINISHED,jacobi_N257_p48_cubic,scaling,/Shared/LSM-PoissonMPI,100,,,custom,True,0.8,0.0,,48,,,jacobi,cubic,257,348160,2,1,0.228515625,"Custom (cubic, mixed)",,,,,,,1.481082501,2.054818623374193e-08,0.3695896530000007,0.35993424499999827,0.9761894215904491,,,0.0,100.0,1119.5443190237247,35.82541820875919,,28922.157496993048,635.8009999998249,0.00064155599999971,0.0037163809999998243,291370.766,3599.342449999983,
d627f106e0c74370bc82cdd45eda393b,2025-12-03 00:42:25.680000+00:00,2025-12-03 00:42:28.947000+00:00,FINISHED,jacobi_N257_p48_sliced,scaling,/Shared/LSM-PoissonMPI,100,,,custom,True,0.8,0.0,,48,,,jacobi,sliced,257,390150,2,1,0.9922027587890625,"Custom (sliced, contiguous)",,,,,,,1.369660684,2.054818623374193e-08,0.5014638719999988,0.08041456100000052,0.976189421590449,,,0.0,100.0,1210.6191842767387,38.73981389685564,,201.17150224163825,618.2040000000111,0.0007177419999999657,0.005036920999999861,2215.8039999999996,804.1456100000051,
c6e9cf04358e4cdf8bc0489aa9da67fa,2025-12-03 00:42:11.728000+00:00,2025-12-03 00:42:14.837000+00:00,FINISHED,jacobi_N257_p32_cubic,scaling,/Shared/LSM-PoissonMPI,100,,,custom,True,0.8,0.0,,32,,,jacobi,cubic,257,524288,2,1,0.3125,"Custom (cubic, mixed)",,,,,,,1.370222724,2.054818623374193e-08,0.4008441669999993,0.08155920300000072,0.9761894215904491,,,0.0,100.0,1210.1226106946392,38.723923542228455,,3058.8989049718566,434.7590000000068,0.0004543759999999786,0.0040139660000000355,31234.985,815.5920300000072,
b0603899fa9d437795b8b13eaf3dd258,2025-12-03 00:41:53.878000+00:00,2025-12-03 00:41:56.903000+00:00,FINISHED,jacobi_N257_p32_sliced,scaling,/Shared/LSM-PoissonMPI,100,,,custom,True,0.8,0.0,,32,,,jacobi,sliced,257,520200,2,1,0.9922027587890625,"Custom (sliced, contiguous)",,,,,,,1.634282322,2.054818623374193e-08,0.43602895500000005,0.05377259200000073,0.9761894215904491,,,0.0,100.0,1014.5967301235974,32.46709536395512,,195.8575769905075,427.7400000001208,0.00046268699999996166,0.004376013999999984,1879.301,537.7259200000074,
d305d5acbb774ad990e2b60a9d9e1785,2025-12-03 00:41:50.678000+00:00,2025-12-03 00:41:53.955000+00:00,FINISHED,jacobi_N257_p24_cubic,scaling,/Shared/LSM-PoissonMPI,100,,,custom,True,0.8,0.0,,24,,,jacobi,cubic,257,696320,1,1,0.3740234375,"Custom (cubic, mixed)",,,,,,,2.097337466,2.054818623374193e-08,0.7166195530000007,0.09432732499999848,0.9761894215904491,,,0.0,100.0,790.5916557922205,25.29893298535106,,780.9731179166599,670.7740000000406,0.0007149119999998454,0.007311695999999923,7028.0299999998515,943.2732499999848,
d5d932039e5a425e8ef46bb45cc76f2d,2025-12-03 00:41:47.437000+00:00,2025-12-03 00:41:50.725000+00:00,FINISHED,jacobi_N257_p24_sliced,scaling,/Shared/LSM-PoissonMPI,100,,,custom,True,0.8,0.0,,24,,,jacobi,sliced,257,715275,1,1,0.9922027587890625,"Custom (sliced, contiguous)",,,,,,,2.201048611,2.054818623374193e-08,0.8695582159999999,0.05084840900000108,0.9761894215904491,,,0.0,100.0,753.3397907312279,24.106873303399293,,209.6597294716386,443.5089999998976,0.0004774150000002031,0.008637919999999966,2217.24,508.48409000001084,
f93a1fc60800429c89a7e1aeef62bae5,2025-12-03 00:41:41.158000+00:00,2025-12-03 00:41:44.389000+00:00,FINISHED,jacobi_N257_p12_cubic,scaling,/Shared/LSM-PoissonMPI,100,,,custom,True,0.8,0.0,,12,,,jacobi,cubic,257,1392640,1,1,0.58203125,"Custom (cubic, mixed)",,,,,,,2.741197202,2.054818623374193e-08,0.9019683910000005,0.1712540630000008,0.976189421590449,,,0.0,100.0,604.8953715516013,19.356651889651243,,5871.26357720519,965.3650000003289,0.0010043429999999631,0.009026899999999838,59988.316,1712.540630000008,
dbc257d3c0a44af3b5ba103e1e4dca67,2025-12-03 00:41:39.698000+00:00,2025-12-03 00:41:43.230000+00:00,FINISHED,jacobi_N257_p12_sliced,scaling,/Shared/LSM-PoissonMPI,100,,,custom,True,0.8,0.0,,12,,,jacobi,sliced,257,1430550,1,1,0.9922027587890625,"Custom (sliced, contiguous)",,,,,,,2.59689381,2.054818623374193e-08,0.9003111379999988,0.06349118799999924,0.9761894215904491,,,0.0,100.0,638.5080104603892,20.432256334732454,,265.64784458875306,544.0930000000233,0.0005682019999997401,0.00894722899999989,2565.2460000000765,634.9118799999924,
db3054c5267645a0bcc4cc31b58d5f09,2025-12-03 00:41:20.089000+00:00,2025-12-03 00:41:23.530000+00:00,FINISHED,jacobi_N257_p8_cubic,scaling,/Shared/LSM-PoissonMPI,100,,,custom,True,0.8,0.0,,8,,,jacobi,cubic,257,2097152,1,1,0.75,"Custom (cubic, mixed)",,,,,,,3.377483626,2.054818623374193e-08,1.1263461579999992,0.09825726199999825,0.9761894215904491,,,0.0,100.0,490.93872350278565,15.710039152089141,,1388.805686272518,725.8679999999629,0.0008444889999998928,0.011248023000000273,14774.500000000002,982.5726199999827,
eaced392cdb94daa80719216c75ad9e4,2025-12-03 00:41:17.878000+00:00,2025-12-03 00:41:20.929000+00:00,FINISHED,jacobi_N257_p8_sliced,scaling,/Shared/LSM-PoissonMPI,100,,,custom,True,0.8,0.0,,8,,,jacobi,sliced,257,2080800,1,1,0.9922027587890625,"Custom (sliced, contiguous)",,,,,,,3.207710245,2.054818623374193e-08,1.0734777349999978,0.047557181000000025,0.9761894215904491,,,0.0,100.0,516.9224690991377,16.541519011172408,,173.45163497965052,369.8240000002961,0.0004755269999998646,0.010687203000000256,1776.8270000000002,475.5718100000002,
10d74e2d9e5e45a299b35d2298c3036e,2025-12-03 00:41:15.511000+00:00,2025-12-03 00:41:19.416000+00:00,FINISHED,jacobi_N257_p2_cubic,scaling,/Shared/LSM-PoissonMPI,100,,,custom,True,0.8,0.0,,2,,,jacobi,cubic,257,8323200,1,1,0.9922027587890625,"Custom (cubic, mixed)",,,,,,,11.890800793,2.054818623374193e-08,3.925928958000001,0.21432071899999988,0.9761894215904491,,,0.0,100.0,139.44708425156105,4.462306696049954,,805.7898862986672,1954.9410000000432,0.0020566920000000266,0.03912593899999983,10079.822,2143.2071899999987,
a71ed39b13294c2bb3b2a2196a5cb3e8,2025-12-03 00:41:14.178000+00:00,2025-12-03 00:41:17.245000+00:00,FINISHED,jacobi_N257_p2_sliced,scaling,/Shared/LSM-PoissonMPI,100,,,custom,True,0.8,0.0,,2,,,jacobi,sliced,257,8323200,1,1,0.9922027587890625,"Custom (sliced, contiguous)",,,,,,,11.612739012,2.054818623374193e-08,3.961672833000002,0.06921762200000162,0.9761894215904491,,,0.0,100.0,142.7860815856248,4.569154610739994,,315.2607991222063,588.5260000000336,0.0007696930000005153,0.0394117989999998,3588.192,692.1762200000161,
46e111c89c2d41828862243f2e0d1122,2025-12-03 00:41:08.646000+00:00,2025-12-03 00:41:12.312000+00:00,FINISHED,jacobi_N257_p4_sliced,scaling,/Shared/LSM-PoissonMPI,100,,,custom,True,0.8,0.0,,4,,,jacobi,sliced,257,4161600,1,1,0.9922027587890625,"Custom (sliced, contiguous)",,,,,,,6.192361592,2.054818623374193e-08,2.0748360589999986,0.06843127299999717,0.9761894215904491,,,0.0,100.0,267.77142700164205,8.568685664052547,,1283.8960737802213,483.48899999961503,0.0005223029999994466,0.020703924000000207,13410.653,684.3127299999718,
54ce5e17e64444c9968577e7d6a4e696,2025-12-03 00:41:08.347000+00:00,2025-12-03 00:41:11.632000+00:00,FINISHED,jacobi_N257_p4_cubic,scaling,/Shared/LSM-PoissonMPI,100,,,custom,True,0.8,0.0,,4,,,jacobi,cubic,257,4177920,1,1,0.99609375,"Custom (cubic, mixed)",,,,,,,6.353669314,2.054818623374193e-08,2.0931151959999994,0.12900453199999945,0.9761894215904491,,,0.0,100.0,260.97321375325197,8.351142840104064,,367.91679420393825,1128.882999999803,0.0012434429999998997,0.02090864499999956,4830.898,1290.0453199999945,
b33eed00ef7346819d3543e13fe30da8,2025-12-03 00:09:54.287000+00:00,2025-12-03 00:09:58.739000+00:00,FINISHED,jacobi_N17_p2_sliced,scaling,/Shared/LSM-PoissonMPI,5,,,custom,,0.8,0.0,,2,,,jacobi,sliced,17,1800,1,,0.0034332275390625,"Custom (sliced, contiguous)",,,,,,,0.00027800000000000047,0.00032165850250629423,0.00013000000000040757,8.699999999950414e-05,0.7269201016472754,,,0.0,5.0,60.701438848920766,1.9424460431654644,,26.318054639299405,2.9999999999752447,2.9999999999752447e-06,2.1000000000270802e-05,69.99999999979245,17.399999999900828,
6479e74a101846d5845bc426060dd5de,2025-12-03 00:08:53.968000+00:00,2025-12-03 00:08:57.256000+00:00,FINISHED,jacobi_N17_p2_sliced,scaling,/Shared/LSM-PoissonMPI,5,,,custom,,0.8,0.0,,2,,,jacobi,sliced,17,1800,1,,0.0034332275390625,"Custom (sliced, contiguous)",,Philips-MacBook-Pro.local,,,,,0.0002729999999999677,0.00032165850250629423,0.00012999999999974143,8.000000000008001e-05,0.7269201016472754,,,0.0,5.0,61.81318681319412,1.9780219780222121,,23.520204080704225,2.9999999999752447,2.9999999999752447e-06,1.999999999990898e-05,62.99999999992423,16.000000000016,
60b5ec274db3459490a3b3542f9174ef,2025-12-03 00:08:40.208000+00:00,2025-12-03 00:08:43.194000+00:00,FINISHED,jacobi_N17_p2_sliced,scaling,/Shared/LSM-PoissonMPI,5,,,custom,,0.8,0.0,,2,,,jacobi,sliced,17,1800,1,,0.0034332275390625,"Custom (sliced, contiguous)",,Philips-MacBook-Pro.local,,,,,0.0003289999999998017,0.00032165850250629423,0.00014399999999992197,0.00011200000000033405,0.7269201016472754,,,0.0,5.0,51.291793313100825,1.6413373860192264,,35.81396375715514,3.0000000001972893,4.000000000115023e-06,2.199999999996649e-05,94.0000000000385,22.40000000006681,
dfeb38fada2742789e9ca95c2161215c,2025-12-03 00:05:04.062000+00:00,2025-12-03 00:05:05.365000+00:00,FINISHED,jacobi_N17_p2_sliced,scaling,/Shared/LSM-PoissonMPI,5,,,custom,,0.8,0.0,,2,,,jacobi,sliced,17,1800,,,0.0034332275390625,"Custom (sliced, contiguous)",,,,,,,0.0002590000000000092,0.00032165850250629423,0.000132000000000021,6.299999999970218e-05,0.7269201016472754,,,0.0,5.0,65.15444015443784,2.0849420849420106,,17.749366185817475,1.9999999998354667,1.9999999998354667e-06,1.999999999990898e-05,47.99999999982596,12.599999999940437,
16f9e9766bf345bea2b8d4b3c4973e14,2025-12-03 00:04:30.973000+00:00,2025-12-03 00:04:32.340000+00:00,FINISHED,jacobi_N17_p2_sliced,scaling,/Shared/LSM-PoissonMPI,5,,,custom,,0.8,0.0,,2,,,jacobi,sliced,17,1800,,,0.0034332275390625,"Custom (sliced, contiguous)",,,,,,,0.000296000000000074,0.00032165850250629423,0.0001449999999998397,8.700000000039232e-05,0.7269201016472754,,,0.0,5.0,57.01013513512088,1.8243243243238683,,26.3180546393237,2.9999999999752447,2.9999999999752447e-06,2.1000000000048757e-05,70.0000000000145,17.400000000078464,
af2baacc702d4400a79c54b697c73ca8,2025-12-03 00:04:07.955000+00:00,2025-12-03 00:04:09.505000+00:00,FINISHED,jacobi_N17_p2_sliced,scaling,/Shared/LSM-PoissonMPI,5,,,custom,,0.8,0.0,,2,,,jacobi,sliced,17,1800,,,0.0034332275390625,"Custom (sliced, contiguous)",,,,,,,0.0003409999999999247,0.00032165850250629423,0.00014500000000006175,0.00012299999999965117,0.7269201016472754,,,0.0,5.0,49.48680351907252,1.5835777126103205,,40.227353877614604,2.9999999999752447,2.9999999999752447e-06,2.199999999996649e-05,104.9999999997997,24.599999999930233,
58b9f7e10a464754bff0a19fc2e03e66,2025-12-03 00:03:55.007000+00:00,2025-12-03 00:03:56.525000+00:00,FINISHED,jacobi_N17_p2_sliced,scaling,/Shared/LSM-PoissonMPI,5,,,custom,,0.8,0.0,,2,,,jacobi,sliced,17,1800,,,0.0034332275390625,"Custom (sliced, contiguous)",,,,,,,0.00027300000000018976,0.00032165850250629423,0.00013300000000016077,7.700000000032681e-05,0.7269201016472754,,,0.0,5.0,61.81318681314385,1.9780219780206032,,21.822923727220093,2.9999999999752447,2.9999999999752447e-06,2.1000000000048757e-05,59.000000000253294,15.400000000065361,
a6a8bac1e92942eca076af41b8db5366,2025-12-03 00:03:42.440000+00:00,2025-12-03 00:03:44.051000+00:00,FINISHED,jacobi_N17_p2_sliced,scaling,/Shared/LSM-PoissonMPI,5,,,custom,,0.8,0.0,,2,,,jacobi,sliced,17,1800,,,0.0034332275390625,"Custom (sliced, contiguous)",,,,,,,0.00035700000000016274,0.00032165850250629423,0.00013999999999980695,0.00014599999999997948,0.7269201016472754,,,0.0,5.0,47.268907563003665,1.5126050420161172,,49.909518130339045,2.9999999999752447,2.9999999999752447e-06,2.199999999996649e-05,129.00000000004576,29.199999999995896,
8aca70fd31d24ee9825589fe27fed4f2,2025-12-03 00:00:44.818000+00:00,2025-12-03 00:00:46.440000+00:00,FINISHED,jacobi_N17_p2_sliced,scaling,/Shared/LSM-PoissonMPI,5,,,custom,,0.8,0.0,,2,,,jacobi,sliced,17,1800,,,0.0034332275390625,"Custom (sliced, contiguous)",,,,,,,0.00030100000000010674,0.00032165850250629423,0.00013499999999955214,9.90000000002933e-05,0.7269201016472754,,,0.0,5.0,56.06312292356816,1.794019933554181,,31.115269563389727,2.9999999999752447,2.9999999999752447e-06,1.999999999990898e-05,82.00000000013752,19.80000000005866,
be7ec4535cda462993514eba032e1276,2025-12-03 20:35:54.721000+00:00,2025-12-03 20:35:56.538000+00:00,FINISHED,fmg_N513_p36,fmg_scaling,/Shared/LSM-PoissonMPI-v3,300,5,fmg_scaling,custom,1,0.6666666666666666,0.0,2,36,4,hpc,fmg,cubic,513,,,,,,,,,,,,23.455089402,5.72085163953655,9.064006695000002,9.874984593999974,0.016460166298119826,5.836144995013253,4.0,0.0,8.0,45.510917895242734,2.912698745295535,5.72085163953655,,,,,,,
a8d17355c95d4d07bc7d667e7ed899ca,2025-12-03 20:35:06.712000+00:00,2025-12-03 20:35:08.484000+00:00,FINISHED,fmg_N513_p24,fmg_scaling,/Shared/LSM-PoissonMPI-v3,300,5,fmg_scaling,custom,1,0.6666666666666666,0.0,2,24,4,hpc,fmg,cubic,513,,,,,,,,,,,,23.652694875,3.0604400758726253,9.663699137999899,9.045670388000017,0.005951952402825417,3.1993541175571116,4.0,0.0,8.0,45.130698791039976,2.8883647226265587,3.0604400758726253,,,,,,,
4f42a295320d4275997b2c45d28a67d1,2025-12-03 20:34:21.145000+00:00,2025-12-03 20:34:22.858000+00:00,FINISHED,fmg_N513_p18,fmg_scaling,/Shared/LSM-PoissonMPI-v3,300,5,fmg_scaling,custom,1,0.6666666666666666,0.0,2,18,4,hpc,fmg,cubic,513,,,,,,,,,,,,23.762773789,5.369701216703733,10.560647422000077,7.8676299219999954,0.013722046397850294,5.698285352108708,4.0,0.0,8.0,44.921634884818786,2.8749846326284025,5.369701216703733,,,,,,,
97b246ed56e2493bb85338e80078ec46,2025-12-03 20:33:34.553000+00:00,2025-12-03 20:33:36.455000+00:00,FINISHED,fmg_N513_p12,fmg_scaling,/Shared/LSM-PoissonMPI-v3,300,5,fmg_scaling,custom,1,0.6666666666666666,0.0,2,12,4,hpc,fmg,cubic,513,,,,,,,,,,,,27.462098659,2.5719225390992086,12.337650935999907,8.936691259999895,0.0038959530512899993,2.6650368174279793,4.0,0.0,9.0,43.72919542354194,2.798668507106684,2.5719225390992086,,,,,,,
3c015e3585d24ecfb521438cf8f976c7,2025-12-03 20:32:41.973000+00:00,2025-12-03 20:32:43.828000+00:00,FINISHED,fmg_N513_p6,fmg_scaling,/Shared/LSM-PoissonMPI-v3,300,5,fmg_scaling,custom,1,0.6666666666666666,0.0,2,6,4,hpc,fmg,cubic,513,,,,,,,,,,,,9.384775688,2.571919128566481,1.4973939269999814,0.531048560999995,0.00389590999774358,2.665030816773891,4.0,0.0,9.0,127.96208656702846,8.189573540289821,2.571919128566481,,,,,,,
bbc6826adf794c67b47a3a013638f9d7,2025-12-03 20:31:58.090000+00:00,2025-12-03 20:31:59.781000+00:00,FINISHED,fmg_N513_p36,fmg_scaling,/Shared/LSM-PoissonMPI-v3,300,5,fmg_scaling,custom,1,0.6666666666666666,0.0,2,36,4,hpc,fmg,sliced,513,,,,,,,,,,,,16.940298536,2.225956368569324,6.736321799000009,5.768513903999997,0.012433401600210203,1.46097642258637,4.0,0.0,6.0,47.259910107170974,3.024634246858942,2.225956368569324,,,,,,,
71072a7d6f6c45a39793d7a8ede1b22d,2025-12-03 20:31:15.849000+00:00,2025-12-03 20:31:17.975000+00:00,FINISHED,fmg_N513_p24,fmg_scaling,/Shared/LSM-PoissonMPI-v3,300,5,fmg_scaling,custom,1,0.6666666666666666,0.0,2,24,4,hpc,fmg,sliced,513,,,,,,,,,,,,19.823901282,3.913554357080327,8.260876146999975,6.497040019999967,0.028643843125399596,3.0574386979704484,4.0,0.0,7.0,47.11634726753276,3.015446225122097,3.913554357080327,,,,,,,
0df9da7d86374565ac86f3e5a03e0fa3,2025-12-03 20:30:34.088000+00:00,2025-12-03 20:30:35.716000+00:00,FINISHED,fmg_N513_p18,fmg_scaling,/Shared/LSM-PoissonMPI-v3,300,5,fmg_scaling,custom,1,0.6666666666666666,0.0,2,18,4,hpc,fmg,sliced,513,,,,,,,,,,,,20.373738137,3.1351166261097365,8.586338761000011,6.423316626000047,0.016111585278883025,3.3737458139170062,4.0,0.0,7.0,45.84479346496275,2.934066781757616,3.1351166261097365,,,,,,,
4bf0fc0cd2e446c383479451fde44156,2025-12-03 20:29:50.767000+00:00,2025-12-03 20:29:52.549000+00:00,FINISHED,fmg_N513_p12,fmg_scaling,/Shared/LSM-PoissonMPI-v3,300,5,fmg_scaling,custom,1,0.6666666666666666,0.0,2,12,4,hpc,fmg,sliced,513,,,,,,,,,,,,23.979759713,3.1884542348588765,10.636699193000105,7.13590690199998,0.017680741844741388,3.7839167994367706,4.0,0.0,8.0,44.515151977161096,2.8489697265383103,3.1884542348588765,,,,,,,
729aefc30f1448658f36a7696af3bb88,2025-12-03 20:29:02.982000+00:00,2025-12-03 20:29:04.576000+00:00,FINISHED,fmg_N513_p6,fmg_scaling,/Shared/LSM-PoissonMPI-v3,300,5,fmg_scaling,custom,1,0.6666666666666666,0.0,2,6,4,hpc,fmg,sliced,513,,,,,,,,,,,,9.558845776,0.5224561476651489,1.8876413719999863,0.2423597810000146,0.001761144297546439,0.25623528562945436,4.0,0.0,9.0,125.63185003101152,8.040438401984737,0.5224561476651489,,,,,,,
f6639ea99bd342bf969267c32b5216e2,2025-12-03 20:28:19.293000+00:00,2025-12-03 20:28:21.226000+00:00,FINISHED,fmg_N257_p36,fmg_scaling,/Shared/LSM-PoissonMPI-v3,300,5,fmg_scaling,custom,1,0.6666666666666666,0.0,2,36,4,hpc,fmg,cubic,257,,,,,,,,,,,,19.501747944,1.2909134364420243,8.199742479000024,7.532257474999963,0.010989554044768687,0.5356262558539798,4.0,0.0,7.0,5.951754957211952,0.38091231726156494,1.2909134364420243,,,,,,,
f3fb04991b2a4327adb3c3f5eef6436f,2025-12-03 20:27:33.971000+00:00,2025-12-03 20:27:35.591000+00:00,FINISHED,fmg_N257_p24,fmg_scaling,/Shared/LSM-PoissonMPI-v3,300,5,fmg_scaling,custom,1,0.6666666666666666,0.0,2,24,4,hpc,fmg,cubic,257,,,,,,,,,,,,19.184277259,0.5453714332469799,8.065792968999991,7.316233036999956,0.002902686211404004,0.20891929334175288,4.0,0.0,7.0,6.050247472604044,0.38721583824665884,0.5453714332469799,,,,,,,
2014f87d9fe94bafb41a20e0d281ba03,2025-12-03 20:26:52.341000+00:00,2025-12-03 20:26:53.980000+00:00,FINISHED,fmg_N257_p18,fmg_scaling,/Shared/LSM-PoissonMPI-v3,300,5,fmg_scaling,custom,1,0.6666666666666666,0.0,2,18,4,hpc,fmg,cubic,257,,,,,,,,,,,,18.754792069,1.0015084492748658,8.449598651000038,6.414726877000032,0.007526344510466517,0.40890732553695397,4.0,0.0,7.0,6.188798285418089,0.3960830902667578,1.0015084492748658,,,,,,,
28ea302a77b745949eebc7c64f334e5e,2025-12-03 20:26:12.408000+00:00,2025-12-03 20:26:14.088000+00:00,FINISHED,fmg_N257_p12,fmg_scaling,/Shared/LSM-PoissonMPI-v3,300,5,fmg_scaling,custom,1,0.6666666666666666,0.0,2,12,4,hpc,fmg,cubic,257,,,,,,,,,,,,21.347599349,0.18771394389335347,10.278010193999998,7.003008997999954,0.0009607133171530122,0.09012996119187457,4.0,0.0,8.0,6.2138602955471836,0.39768705891501976,0.18771394389335347,,,,,,,
9b0e454305ee40a89c6cd29823399cae,2025-12-03 20:25:29.200000+00:00,2025-12-03 20:25:30.833000+00:00,FINISHED,fmg_N257_p6,fmg_scaling,/Shared/LSM-PoissonMPI-v3,300,5,fmg_scaling,custom,1,0.6666666666666666,0.0,2,6,4,hpc,fmg,cubic,257,,,,,,,,,,,,4.319445511,0.18771337270955565,0.19621641099998416,0.24155106499999635,0.0009606677581951988,0.09012963273422538,4.0,0.0,8.0,30.710191773964482,1.9654522735337268,0.18771337270955565,,,,,,,
fe913a2d7a8d42f3a332a330fca5609a,2025-12-03 20:24:52.945000+00:00,2025-12-03 20:24:54.684000+00:00,FINISHED,fmg_N257_p36,fmg_scaling,/Shared/LSM-PoissonMPI-v3,300,5,fmg_scaling,custom,1,0.6666666666666666,0.0,2,36,4,hpc,fmg,sliced,257,,,,,,,,,,,,13.469858691,2.3815409897789106,5.197717391999996,4.373098703000025,0.024277344467877472,1.8266178450269352,4.0,0.0,5.0,6.154992186769927,0.39391949995327535,2.3815409897789106,,,,,,,
b2d76ceb1f7f414db9fb364233b519b8,2025-12-03 20:24:15.692000+00:00,2025-12-03 20:24:17.395000+00:00,FINISHED,fmg_N257_p24,fmg_scaling,/Shared/LSM-PoissonMPI-v3,300,5,fmg_scaling,custom,1,0.6666666666666666,0.0,2,24,4,hpc,fmg,sliced,257,,,,,,,,,,,,15.6049791,4.41520884090134,6.536370438000024,5.176461867999974,0.046980550100526694,5.912199381962685,4.0,0.0,6.0,6.375417061596705,0.40802669194218916,4.41520884090134,,,,,,,
21e0d11f8387496ebe391c1bfb58d3f7,2025-12-03 20:23:37.339000+00:00,2025-12-03 20:23:39.306000+00:00,FINISHED,fmg_N257_p18,fmg_scaling,/Shared/LSM-PoissonMPI-v3,300,5,fmg_scaling,custom,1,0.6666666666666666,0.0,2,18,4,hpc,fmg,sliced,257,,,,,,,,,,,,15.371963112,0.6052190305297669,6.619382009999985,4.944038332000042,0.004343493018578918,0.29991482166519656,4.0,0.0,6.0,6.472058856447248,0.4142117668126239,0.6052190305297669,,,,,,,
0bf4c22aa6a6453facfa76c8cde64b6a,2025-12-03 20:23:02.140000+00:00,2025-12-03 20:23:03.827000+00:00,FINISHED,fmg_N257_p12,fmg_scaling,/Shared/LSM-PoissonMPI-v3,300,5,fmg_scaling,custom,1,0.6666666666666666,0.0,2,12,4,hpc,fmg,sliced,257,,,,,,,,,,,,17.625529404,0.4978640743997116,8.011882186999944,5.5817695069999935,0.0016089525587483255,0.23960733248854188,4.0,0.0,7.0,6.585312834555695,0.4214600214115645,0.4978640743997116,,,,,,,
a9022b92023c4b819190cd98754510f9,2025-12-03 20:22:22.500000+00:00,2025-12-03 20:22:24.374000+00:00,FINISHED,fmg_N257_p6,fmg_scaling,/Shared/LSM-PoissonMPI-v3,300,5,fmg_scaling,custom,1,0.6666666666666666,0.0,2,6,4,hpc,fmg,sliced,257,,,,,,,,,,,,4.354365345,0.968857034611076,0.2264152589999917,0.2730064710000196,0.0038856690563989407,0.7104583941999655,4.0,0.0,8.0,30.463911383163925,1.9496903285224911,0.968857034611076,,,,,,,
08a34e788b6d4a38a862cf7c3faa2fc5,2025-12-03 19:57:21.171000+00:00,2025-12-03 19:57:21.970000+00:00,FINISHED,fmg_N513_p1,fmg_scaling,/Shared/LSM-PoissonMPI-v3,300,5,fmg_scaling,custom,1,0.6666666666666666,0.0,2,1,1,hpc,fmg,cubic,513,,,,,,,,,,,,38.85872462997213,6.0904994117303286e-05,13.6709315974731,0.0,1.1622575423054254e-05,1.0028928313269049e-05,1.0,0.0,10.0,34.33793369972876,2.1976277567826408,6.0904994117303286e-05,,,,,,,
f257481ed6aa4ff89f48611755502a10,2025-12-03 19:56:23.471000+00:00,2025-12-03 19:56:24.263000+00:00,FINISHED,fmg_N257_p1,fmg_scaling,/Shared/LSM-PoissonMPI-v3,300,5,fmg_scaling,custom,1,0.6666666666666666,0.0,2,1,1,hpc,fmg,cubic,257,,,,,,,,,,,,7.488268971908838,0.00023078173808176777,1.6702141291461885,0.0,4.66821419784373e-05,3.794042881105248e-05,1.0,0.0,9.0,19.92882140850225,1.2754445701441441,0.00023078173808176777,,,,,,,
a6f331ab5cfb43f6b896bd53a2781fa6,2025-12-03 19:22:17.494000+00:00,2025-12-03 19:22:19.150000+00:00,FINISHED,fmg_N513_p96,fmg_scaling,/Shared/LSM-PoissonMPI-v3,200,5,fmg_scaling,custom,1,0.6666666666666666,0.0,2,96,1,hpc,fmg,cubic,513,,,,,,,,,,,,4.716229983,2.257978384900007,0.3391027579999961,0.778486841000003,0.009395625186428396,1.100092115131212,1.0,0.0,7.0,198.0458587403031,12.674934959379398,2.257978384900007,,,,,,,
f17b4aa16382404cbd16bb0734e4d62b,2025-12-03 19:21:30.507000+00:00,2025-12-03 19:21:32.214000+00:00,FINISHED,fmg_N513_p72,fmg_scaling,/Shared/LSM-PoissonMPI-v3,200,5,fmg_scaling,custom,1,0.6666666666666666,0.0,2,72,1,hpc,fmg,cubic,513,,,,,,,,,,,,5.044998818,5.240022332767026,0.4311562299999871,0.8509820999999936,0.02163128159615392,4.969839545829206,1.0,0.0,8.0,211.58828505398472,13.541650243455022,5.240022332767026,,,,,,,
3bc2c96664a9486c9c04ea70b696aec9,2025-12-03 19:20:51.663000+00:00,2025-12-03 19:20:53.349000+00:00,FINISHED,fmg_N513_p48,fmg_scaling,/Shared/LSM-PoissonMPI-v3,200,5,fmg_scaling,custom,1,0.6666666666666666,0.0,2,48,1,hpc,fmg,cubic,513,,,,,,,,,,,,5.583865018,3.200120798830815,0.6609525159999932,0.8784501470000103,0.007217900646153277,3.141944737988928,1.0,0.0,8.0,191.16913545706345,12.23482466925206,3.200120798830815,,,,,,,
fc4d57bb0d034412874c78c711e7c4f8,2025-12-03 19:20:21.394000+00:00,2025-12-03 19:20:23.030000+00:00,FINISHED,fmg_N513_p36,fmg_scaling,/Shared/LSM-PoissonMPI-v3,200,5,fmg_scaling,custom,1,0.6666666666666666,0.0,2,36,1,hpc,fmg,cubic,513,,,,,,,,,,,,6.13273522,5.720522110928553,0.6998599809999952,1.0591804710000097,0.016464039797909835,5.835653785401491,1.0,0.0,8.0,174.05979709001687,11.13982701376108,5.720522110928553,,,,,,,
8128ff0a31854840a0ae797976fef97b,2025-12-03 19:19:53.068000+00:00,2025-12-03 19:19:54.752000+00:00,FINISHED,fmg_N513_p24,fmg_scaling,/Shared/LSM-PoissonMPI-v3,200,5,fmg_scaling,custom,1,0.6666666666666666,0.0,2,24,1,hpc,fmg,cubic,513,,,,,,,,,,,,6.654823138,3.060699950803142,1.365574172000001,0.3662364210000167,0.00595189172377518,3.199621916219557,1.0,0.0,8.0,160.40436024582445,10.265879055732766,3.060699950803142,,,,,,,
651cfc64c3324b5f91f3466d76fbd992,2025-12-03 19:19:23.043000+00:00,2025-12-03 19:19:24.688000+00:00,FINISHED,fmg_N513_p96,fmg_scaling,/Shared/LSM-PoissonMPI-v3,200,5,fmg_scaling,custom,1,0.6666666666666666,0.0,2,96,1,hpc,fmg,sliced,513,,,,,,,,,,,,5.239978,5.7729772526987695,0.6075899219999976,0.4342138780000233,0.4465290822293459,5.642318018944991,1.0,0.0,5.0,127.32193818370993,8.148604043757436,5.7729772526987695,,,,,,,
f2aca8b5c27641b5b2bd597c1809c80c,2025-12-03 19:18:40.156000+00:00,2025-12-03 19:18:41.866000+00:00,FINISHED,fmg_N513_p72,fmg_scaling,/Shared/LSM-PoissonMPI-v3,200,5,fmg_scaling,custom,1,0.6666666666666666,0.0,2,72,1,hpc,fmg,sliced,513,,,,,,,,,,,,5.388232321,6.063149297351171,0.7496972710000052,0.45969922099998856,0.442614212129886,6.030961370031754,1.0,0.0,5.0,123.81874337522648,7.924399576014495,6.063149297351171,,,,,,,
805ad4a4560642e1aaebef115781082c,2025-12-03 19:18:03.508000+00:00,2025-12-03 19:18:05.207000+00:00,FINISHED,fmg_N513_p48,fmg_scaling,/Shared/LSM-PoissonMPI-v3,200,5,fmg_scaling,custom,1,0.6666666666666666,0.0,2,48,1,hpc,fmg,sliced,513,,,,,,,,,,,,5.869679423,8.209768796149351,1.016630559999999,0.28759665199999834,0.061571439239063844,12.140311813850888,1.0,0.0,6.0,136.39535114352358,8.729302473185511,8.209768796149351,,,,,,,
e82cf8384f324582993d422d2e557ecb,2025-12-03 19:17:33.238000+00:00,2025-12-03 19:17:34.843000+00:00,FINISHED,fmg_N513_p36,fmg_scaling,/Shared/LSM-PoissonMPI-v3,200,5,fmg_scaling,custom,1,0.6666666666666666,0.0,2,36,1,hpc,fmg,sliced,513,,,,,,,,,,,,6.46328663,2.1109022926328462,1.318933959999998,0.30218952400000537,0.02557283458409742,1.3817307857628611,1.0,0.0,6.0,123.86840191860716,7.927577722790859,2.1109022926328462,,,,,,,
7bde560fe3af4e7bbd602493cfd94814,2025-12-03 19:17:03.121000+00:00,2025-12-03 19:17:04.791000+00:00,FINISHED,fmg_N513_p24,fmg_scaling,/Shared/LSM-PoissonMPI-v3,200,5,fmg_scaling,custom,1,0.6666666666666666,0.0,2,24,1,hpc,fmg,sliced,513,,,,,,,,,,,,7.256713487,3.772365158563137,1.8909652760000142,0.30652504299999106,0.02804234436770979,2.921309867059308,1.0,0.0,7.0,128.71251134184402,8.237600725878018,3.772365158563137,,,,,,,
0de915ff18814e01b088b2b1ae195713,2025-12-03 19:16:32.169000+00:00,2025-12-03 19:16:33.841000+00:00,FINISHED,fmg_N257_p96,fmg_scaling,/Shared/LSM-PoissonMPI-v3,200,5,fmg_scaling,custom,1,0.6666666666666666,0.0,2,96,1,hpc,fmg,cubic,257,,,,,,,,,,,,3.900215168,1.5565816340448242,0.05164949499999146,0.6712377130000012,0.006571048825969533,1.0771584374233627,1.0,0.0,6.0,25.50840036115669,1.632537623114028,1.5565816340448242,,,,,,,
1a5ee9b1aa3f473f9a48dd52e605ffa7,2025-12-03 19:15:50.714000+00:00,2025-12-03 19:15:52.460000+00:00,FINISHED,fmg_N257_p72,fmg_scaling,/Shared/LSM-PoissonMPI-v3,200,5,fmg_scaling,custom,1,0.6666666666666666,0.0,2,72,1,hpc,fmg,cubic,257,,,,,,,,,,,,3.944046197,1.7633311001465415,0.06727322100001776,0.7006252959999903,0.014329001661573186,0.8047744360331647,1.0,0.0,7.0,29.429073393787125,1.8834606972023762,1.7633311001465415,,,,,,,
184f4b4c99f947819e58562e8e36c312,2025-12-03 19:15:12.545000+00:00,2025-12-03 19:15:14.131000+00:00,FINISHED,fmg_N257_p48,fmg_scaling,/Shared/LSM-PoissonMPI-v3,200,5,fmg_scaling,custom,1,0.6666666666666666,0.0,2,48,1,hpc,fmg,cubic,257,,,,,,,,,,,,3.891034276,0.8128234911120809,0.08826497799999546,0.5903909809999983,0.005487702428637369,0.3336766727293612,1.0,0.0,7.0,29.83001864463658,1.9091211932567411,0.8128234911120809,,,,,,,
4bce51762cb640508dbada7d6c32eca5,2025-12-03 19:14:43.608000+00:00,2025-12-03 19:14:45.223000+00:00,FINISHED,fmg_N257_p36,fmg_scaling,/Shared/LSM-PoissonMPI-v3,200,5,fmg_scaling,custom,1,0.6666666666666666,0.0,2,36,1,hpc,fmg,cubic,257,,,,,,,,,,,,3.947518995,1.290464738735429,0.10426981599999323,0.5712763579999904,0.010982743110785427,0.5355596937270699,1.0,0.0,7.0,29.40318340380779,1.8818037378436985,1.290464738735429,,,,,,,
c32f582c43e045c7a358bf2045798d95,2025-12-03 19:14:17.314000+00:00,2025-12-03 19:14:18.909000+00:00,FINISHED,fmg_N257_p24,fmg_scaling,/Shared/LSM-PoissonMPI-v3,200,5,fmg_scaling,custom,1,0.6666666666666666,0.0,2,24,1,hpc,fmg,cubic,257,,,,,,,,,,,,3.7254487149999997,0.5453570357396719,0.1701412250000089,0.21503105300000558,0.002903578115676262,0.2089308386774691,1.0,0.0,7.0,31.155877822894684,1.99397618066526,0.5453570357396719,,,,,,,
6b4ffabc243b4878961408fa93f4bb16,2025-12-03 19:13:52.181000+00:00,2025-12-03 19:13:53.993000+00:00,FINISHED,fmg_N257_p96,fmg_scaling,/Shared/LSM-PoissonMPI-v3,200,5,fmg_scaling,custom,1,0.6666666666666666,0.0,2,96,1,hpc,fmg,sliced,257,,,,,,,,,,,,3.980881602,6.558273192698284,0.11302375000000318,0.203223022000004,0.5267764620210946,5.228065718881292,1.0,0.0,4.0,16.661007945244588,1.0663045084956535,6.558273192698284,,,,,,,
5f5f50c76eea4ff0ae12e3128623a2c6,2025-12-03 19:13:07.775000+00:00,2025-12-03 19:13:09.502000+00:00,FINISHED,fmg_N257_p72,fmg_scaling,/Shared/LSM-PoissonMPI-v3,200,5,fmg_scaling,custom,1,0.6666666666666666,0.0,2,72,1,hpc,fmg,sliced,257,,,,,,,,,,,,3.957053291,6.49823444995872,0.1335845120000006,0.23648177900000225,0.5220956567881937,5.094823135847033,1.0,0.0,4.0,16.761336055506764,1.072725507552433,6.49823444995872,,,,,,,
f74de7fee8c14d9da2882eefa5f29a8f,2025-12-03 19:12:34.171000+00:00,2025-12-03 19:12:34.886000+00:00,FINISHED,fmg_N513_p1,fmg_scaling,/Shared/LSM-PoissonMPI-v3,200,5,fmg_scaling,custom,1,0.6666666666666666,0.0,2,1,1,hpc,fmg,cubic,513,,,,,,,,,,,,40.7747158089187,6.0904994117303286e-05,14.284573904238641,0.0,1.1622575423054254e-05,1.0028928313269049e-05,1.0,0.0,10.0,32.72440490457424,2.0943619138927514,6.0904994117303286e-05,,,,,,,
c0ffeb140b524dda8636678ca68f5712,2025-12-03 19:12:19.656000+00:00,2025-12-03 19:12:21.382000+00:00,FINISHED,fmg_N257_p48,fmg_scaling,/Shared/LSM-PoissonMPI-v3,200,5,fmg_scaling,custom,1,0.6666666666666666,0.0,2,48,1,hpc,fmg,sliced,257,,,,,,,,,,,,3.946056634,1.4801725847804246,0.13603263900000342,0.12536328599999874,0.049908848772702984,1.2293150349585014,1.0,0.0,5.0,21.010057049272447,1.3446436511534365,1.4801725847804246,,,,,,,
99aa6737fe9f420886e6763ca9710919,2025-12-03 19:11:48.694000+00:00,2025-12-03 19:11:50.346000+00:00,FINISHED,fmg_N257_p36,fmg_scaling,/Shared/LSM-PoissonMPI-v3,200,5,fmg_scaling,custom,1,0.6666666666666666,0.0,2,36,1,hpc,fmg,sliced,257,,,,,,,,,,,,3.930073068,2.057680548729604,0.16256922700000387,0.14417872100000598,0.04470758604279203,1.6487967146715536,1.0,0.0,5.0,21.09550473121127,1.3501123027975215,2.057680548729604,,,,,,,
d0bfe30f6bf848d8907ebe4c56b23673,2025-12-03 19:11:33.748000+00:00,2025-12-03 19:11:34.458000+00:00,FINISHED,fmg_N257_p1,fmg_scaling,/Shared/LSM-PoissonMPI-v3,200,5,fmg_scaling,custom,1,0.6666666666666666,0.0,2,1,1,hpc,fmg,cubic,257,,,,,,,,,,,,8.009773425059393,0.00023078173808176777,1.7534561252687126,0.0,4.66821419784373e-05,3.794042881105248e-05,1.0,0.0,9.0,18.631285440997782,1.192402268223858,0.00023078173808176777,,,,,,,
17a995e9f27746518900bc9126197163,2025-12-03 19:11:22.951000+00:00,2025-12-03 19:11:24.539000+00:00,FINISHED,fmg_N257_p24,fmg_scaling,/Shared/LSM-PoissonMPI-v3,200,5,fmg_scaling,custom,1,0.6666666666666666,0.0,2,24,1,hpc,fmg,sliced,257,,,,,,,,,,,,3.718929578,4.235290161143505,0.22713111899999566,0.10654561700000585,0.043619954351282325,5.614426842631864,1.0,0.0,6.0,26.751851013404696,1.7121184648579006,4.235290161143505,,,,,,,
4a7f5b161b704e15bfc0a8b0908e4d90,2025-12-03 02:30:22.101000+00:00,2025-12-03 02:30:24.537000+00:00,FINISHED,fmg_N257_p1,fmg_scaling,/Shared/LSM-PoissonMPI-v2,2,,,,True,0.6666666666666666,0.0,,1,,,fmg,,257,,,1,,sequential,strong,,,,,,1.5450161249900702,1.6297353614332028e-06,0.4008818309230264,0.0,3.2686044223756186e-05,,,0.0,9.0,96.58952588663702,3.0908648283723843,,,,,,,,
7194b894a88648ecb00c8165a1795c93,2025-12-03 21:06:15.971000+00:00,2025-12-03 21:06:17.250000+00:00,FINISHED,jacobi_N33_p1,weak_scaling_jacobi,/Shared/LSM-PoissonMPI-v3,5,3,weak_scaling_jacobi,custom,1,0.8,0.0,1,1,1,local,jacobi,cubic,33,,,,,,,,,,,,0.0004251249774824828,3.11389372608263e-05,0.00018199998885393143,1.2490199878811836e-06,0.9252280767188954,10.160611278346199,1.0,0.0,5.0,350.3793187642984,22.424276400915094,3.11389372608263e-05,,,,,,,
df3c6ce3e356420aa305dadceef864ba,2025-12-03 20:20:11.955000+00:00,2025-12-03 20:20:13.934000+00:00,FINISHED,jacobi_N513_p64,weak_scaling_jacobi,/Shared/LSM-PoissonMPI-v3,300,3,weak_scaling_jacobi,custom,1,0.8,0.0,1,64,1,hpc,jacobi,cubic,513,,,,,,,,,,,,15.452789327,1.8161620691688491e-09,3.937632378000009,0.3783458700000116,0.9820899934571008,10.199233883951115,1.0,0.0,300.0,2590.4610781211877,165.789508999756,1.8161620691688491e-09,,,,,,,
7ce84667780c4638a585b03157ad04ef,2025-12-03 20:19:22.918000+00:00,2025-12-03 20:19:24.778000+00:00,FINISHED,jacobi_N513_p64,weak_scaling_jacobi,/Shared/LSM-PoissonMPI-v3,300,3,weak_scaling_jacobi,custom,1,0.8,0.0,1,64,1,hpc,jacobi,sliced,513,,,,,,,,,,,,17.724556729,1.8161620691688491e-09,6.228825269999984,0.9804520830000054,0.9820899934571009,9.696981075537773,1.0,0.0,300.0,2258.440079040467,144.54016505858988,1.8161620691688491e-09,,,,,,,
4ee10a1b1e1644a6b36950909a2bd438,2025-12-03 19:58:58.251000+00:00,2025-12-03 19:59:00.010000+00:00,FINISHED,jacobi_N513_p64,weak_scaling_jacobi,/Shared/LSM-PoissonMPI-v3,300,3,weak_scaling_jacobi,custom,1,0.8,0.0,1,64,1,hpc,jacobi,cubic,513,,,,,,,,,,,,15.164949813,1.8161620691688491e-09,3.9373712789999886,0.5407461630000031,0.9820899934571008,10.199233883951115,1.0,0.0,300.0,2639.6295268768263,168.93628972011686,1.8161620691688491e-09,,,,,,,
dfc95b7573da41f28c54e72ff5792d9b,2025-12-11 18:51:12.297000+00:00,2025-12-11 18:51:14.104000+00:00,FINISHED,fmg_N513_p2,weak_scaling_fmg,/Shared/LSM-PoissonMPI-ExamPrep,10,5,weak_scaling_fmg,custom,1,0.6666666666666666,0.0,2,2,1,hpc,fmg,cubic,513,,,,,,,,,,,,22.421134712,6.0905011905210515e-05,7.192167931000005,0.6363151819999978,1.162257514361243e-05,1.0028937729646826e-05,1.0,0.0,10.0,59.51207765081823,3.8087729696523667,6.0905011905210515e-05,,,,,,,
f98d67c65ecb4f5fa685b21f65c329a6,2025-12-11 18:50:28.002000+00:00,2025-12-11 18:50:28.707000+00:00,FINISHED,fmg_N513_p1,weak_scaling_fmg,/Shared/LSM-PoissonMPI-ExamPrep,10,5,weak_scaling_fmg,custom,1,0.6666666666666666,0.0,2,1,1,hpc,fmg,cubic,513,,,,,,,,,,,,38.75345606598421,6.0905011905210515e-05,13.65645880161901,0.0,1.162257514361243e-05,1.0028931333034203e-05,1.0,0.0,10.0,34.4312080896239,2.20359731773593,6.0905011905210515e-05,,,,,,,
d52a1316eba74a74b196e47f3a9f065a,2025-12-11 18:49:33.664000+00:00,2025-12-11 18:49:35.428000+00:00,FINISHED,fmg_N513_p2,weak_scaling_fmg,/Shared/LSM-PoissonMPI-ExamPrep,10,5,weak_scaling_fmg,custom,1,0.6666666666666666,0.0,2,2,1,hpc,fmg,sliced,513,,,,,,,,,,,,22.251182158,6.0905011905210515e-05,7.8212560040000065,0.09289730099998517,1.162257514361243e-05,1.0028937729646913e-05,1.0,0.0,10.0,59.96662561679973,3.837864039475183,6.0905011905210515e-05,,,,,,,
ba2337052a714e529510cd81fdb9fce6,2025-12-11 18:48:50.094000+00:00,2025-12-11 18:48:50.776000+00:00,FINISHED,fmg_N513_p1,weak_scaling_fmg,/Shared/LSM-PoissonMPI-ExamPrep,10,5,weak_scaling_fmg,custom,1,0.6666666666666666,0.0,2,1,1,hpc,fmg,sliced,513,,,,,,,,,,,,38.78554248501314,6.0905011905210515e-05,13.650015570543474,0.0,1.162257514361243e-05,1.0028931333034203e-05,1.0,0.0,10.0,34.40272391486051,2.201774330551073,6.0905011905210515e-05,,,,,,,
39f41c04b5cc42dcbd62f55f97a34791,2025-12-03 20:21:45.957000+00:00,2025-12-03 20:21:47.673000+00:00,FINISHED,fmg_N513_p64,weak_scaling_fmg,/Shared/LSM-PoissonMPI-v3,300,5,weak_scaling_fmg,custom,1,0.6666666666666666,0.0,2,64,1,hpc,fmg,cubic,513,,,,,,,,,,,,5.221413237,0.5668123954374206,0.45972891900000334,0.5999000059999976,0.00046160977568233437,0.17016746467712748,1.0,0.0,8.0,204.43941123750594,13.084122319200379,0.5668123954374206,,,,,,,
a4789f9a404748c49417f2e2a3dc8b19,2025-12-03 20:21:09.070000+00:00,2025-12-03 20:21:10.916000+00:00,FINISHED,fmg_N513_p64,weak_scaling_fmg,/Shared/LSM-PoissonMPI-v3,300,5,weak_scaling_fmg,custom,1,0.6666666666666666,0.0,2,64,1,hpc,fmg,sliced,513,,,,,,,,,,,,5.554112037,3.930613176778423,0.8378364870000139,0.4940901230000311,0.29242734285470223,2.9154193895677456,1.0,0.0,5.0,120.12075927808655,7.68772859379754,3.930613176778423,,,,,,,
4a2c8f66310d42b69beb339c5b966036,2025-12-03 20:00:36.934000+00:00,2025-12-03 20:00:38.562000+00:00,FINISHED,fmg_N513_p64,weak_scaling_fmg,/Shared/LSM-PoissonMPI-v3,300,5,weak_scaling_fmg,custom,1,0.6666666666666666,0.0,2,64,1,hpc,fmg,cubic,513,,,,,,,,,,,,4.797897935,0.5668123954374206,0.4608086340000102,0.559355910999991,0.00046160977568233437,0.17016746467712748,1.0,0.0,8.0,222.48548478136814,14.23907102600756,0.5668123954374206,,,,,,,
fc98807e964b4267bd180c21217e7e79,2025-12-03 20:00:00.519000+00:00,2025-12-03 20:00:02.414000+00:00,FINISHED,fmg_N513_p64,weak_scaling_fmg,/Shared/LSM-PoissonMPI-v3,300,5,weak_scaling_fmg,custom,1,0.6666666666666666,0.0,2,64,1,hpc,fmg,sliced,513,,,,,,,,,,,,5.160417799,3.930613176778423,0.8135344680000071,0.5195782759999983,0.29242734285470223,2.9154193895677456,1.0,0.0,5.0,129.28491083208124,8.2742342932532,3.930613176778423,,,,,,,
c99826457cf54ebe848731e807d12aae,2025-12-03 02:30:46.659000+00:00,2025-12-03 02:30:49.118000+00:00,FINISHED,jacobi_N257_p1,weak_scaling,/Shared/LSM-PoissonMPI-v2,200,,,,True,0.8,0.0,,1,,,jacobi,,257,,,1,,sequential,weak,,,,,,10.956478374981089,2.005894659452724e-08,4.801427536323899,,0.9529457583654339,,,0.0,200.0,302.6770908043456,9.68566690573906,,,,,0.023742000019410625,,,
59ccd860f1414392be52560639a58f6f,2025-12-11 21:15:31.809000+00:00,2025-12-11 21:15:33.471000+00:00,FINISHED,jacobi_N1026_p8,weak_scaling_v2,/Shared/LSM-PoissonMPI-ExamPrep,50,5,weak_scaling_v2,numpy,1,0.6666666666666666,0.0,2,8,1,hpc,jacobi,cubic,1026,,,,,,,,,,,,121.942136621,1.3525867840684626e-10,46.299572853,2.179411614000003,0.9993739233748042,10.477071207593546,1.0,0.0,50.0,440.2669387929553,28.17708408274914,1.3525867840684626e-10,,,,,,,
e734778ae75c42a3b8049c8230ad2be8,2025-12-11 21:12:41.890000+00:00,2025-12-11 21:12:43.503000+00:00,FINISHED,jacobi_N1026_p8,weak_scaling_v2,/Shared/LSM-PoissonMPI-ExamPrep,50,5,weak_scaling_v2,numpy,1,0.6666666666666666,0.0,2,8,1,hpc,jacobi,sliced,1026,,,,,,,,,,,,121.607128894,1.3525867840684626e-10,46.61483447000003,1.4460308940000046,0.9993739233748042,10.444691137871873,1.0,0.0,50.0,441.4798021158518,28.254707335414512,1.3525867840684626e-10,,,,,,,
629a1b828cb341a09f6dc5051dbe7284,2025-12-11 21:09:50.485000+00:00,2025-12-11 21:09:52.178000+00:00,FINISHED,jacobi_N1026_p8,weak_scaling_v2,/Shared/LSM-PoissonMPI-ExamPrep,50,5,weak_scaling_v2,custom,1,0.6666666666666666,0.0,2,8,1,hpc,jacobi,cubic,1026,,,,,,,,,,,,121.127651602,1.3525867840684626e-10,46.42594249800001,0.9063403769999874,0.9993739233748042,10.477071207593546,1.0,0.0,50.0,443.22737616018924,28.36655207425211,1.3525867840684626e-10,,,,,,,
7077f4b16f0844c7b94c2fd75764c759,2025-12-11 21:05:59.366000+00:00,2025-12-11 21:06:01.091000+00:00,FINISHED,jacobi_N1070_p72,weak_scaling_v2,/Shared/LSM-PoissonMPI-ExamPrep,50,5,weak_scaling_v2,numpy,1,0.6666666666666666,0.0,2,72,1,hpc,jacobi,cubic,1070,,,,,,,,,,,,20.203705583,1.1674702491394713e-10,6.268235207999997,0.6235912389999956,0.9994243870525679,10.426610511336396,1.0,0.0,50.0,3014.75990875906,192.94463416057988,1.1674702491394713e-10,,,,,,,
4add866f49694eccbea62d337ed830a3,2025-12-11 21:04:52.723000+00:00,2025-12-11 21:04:54.415000+00:00,FINISHED,jacobi_N1070_p72,weak_scaling_v2,/Shared/LSM-PoissonMPI-ExamPrep,50,5,weak_scaling_v2,numpy,1,0.6666666666666666,0.0,2,72,1,hpc,jacobi,sliced,1070,,,,,,,,,,,,22.67483393,1.1674702491394713e-10,8.126596224000009,1.7748560930000095,0.9994243870525679,10.19559029100749,1.0,0.0,50.0,2686.2080572688897,171.91731566520892,1.1674702491394713e-10,,,,,,,
5f43fe5de7134b4891f62a24df879eac,2025-12-11 21:03:41.831000+00:00,2025-12-11 21:03:43.526000+00:00,FINISHED,jacobi_N1070_p72,weak_scaling_v2,/Shared/LSM-PoissonMPI-ExamPrep,50,5,weak_scaling_v2,custom,1,0.6666666666666666,0.0,2,72,1,hpc,jacobi,cubic,1070,,,,,,,,,,,,20.70007835,1.1674702491394713e-10,6.334710892000011,0.5203729619999994,0.9994243870525679,10.426610511336396,1.0,0.0,50.0,2942.46816703474,188.31796269022334,1.1674702491394713e-10,,,,,,,
9e12537de98c492b97ae565c05257bb1,2025-12-11 21:02:33.847000+00:00,2025-12-11 21:02:35.500000+00:00,FINISHED,jacobi_N1070_p72,weak_scaling_v2,/Shared/LSM-PoissonMPI-ExamPrep,50,5,weak_scaling_v2,custom,1,0.6666666666666666,0.0,2,72,1,hpc,jacobi,sliced,1070,,,,,,,,,,,,21.720966943,1.1674702491394713e-10,8.152524524,0.724091649000002,0.9994243870525679,10.19559029100749,1.0,0.0,50.0,2804.171736913821,179.46699116248456,1.1674702491394713e-10,,,,,,,
06e4544cc31c444dba281b59b8fba9c9,2025-12-11 20:28:29.141000+00:00,2025-12-11 20:28:30.812000+00:00,FINISHED,jacobi_N513_p8,weak_scaling_v2,/Shared/LSM-PoissonMPI-ExamPrep,50,5,weak_scaling_v2,numpy,1,0.6666666666666666,0.0,2,8,1,hpc,jacobi,cubic,513,,,,,,,,,,,,13.394563946,1.5371899248496741e-09,4.206211586000002,0.30923961099999714,0.9974931142642636,10.472721074993286,1.0,0.0,50.0,498.08575903602616,31.877488578305677,1.5371899248496741e-09,,,,,,,
0185a42d5dfa439d9cdc531d9b29cba2,2025-12-11 20:28:02.242000+00:00,2025-12-11 20:28:03.856000+00:00,FINISHED,fmg_N513_p8,weak_scaling_v2,/Shared/LSM-PoissonMPI-ExamPrep,50,5,weak_scaling_v2,numpy,1,0.6666666666666666,0.0,2,8,1,hpc,fmg,cubic,513,,,,,,,,,,,,10.448954156,3.7958820003917244e-05,2.9928638389999827,0.3775672140000012,1.2067559076736327e-05,5.86335959995595e-06,1.0,0.0,9.0,114.92972991085635,7.355502714294807,3.7958820003917244e-05,,,,,,,
1bd67bbb38994fffa9f95eabb03c733d,2025-12-11 20:27:37.893000+00:00,2025-12-11 20:27:39.457000+00:00,FINISHED,jacobi_N513_p8,weak_scaling_v2,/Shared/LSM-PoissonMPI-ExamPrep,50,5,weak_scaling_v2,numpy,1,0.6666666666666666,0.0,2,8,1,hpc,jacobi,sliced,513,,,,,,,,,,,,14.581862335,1.5371899248496741e-09,5.408283856999994,0.4010002779999952,0.9974931142642636,10.407874499404159,1.0,0.0,50.0,457.5301423595561,29.281929111011593,1.5371899248496741e-09,,,,,,,
169e1b29acc6424db798f58bc7ca60f9,2025-12-11 20:27:15.700000+00:00,2025-12-11 20:27:17.284000+00:00,FINISHED,fmg_N513_p8,weak_scaling_v2,/Shared/LSM-PoissonMPI-ExamPrep,50,5,weak_scaling_v2,numpy,1,0.6666666666666666,0.0,2,8,1,hpc,fmg,sliced,513,,,,,,,,,,,,11.531911678,1.7320833510996368e-05,3.7745400559999878,0.3281095250000082,1.2393105031765023e-05,1.9046362325378755e-06,1.0,0.0,8.0,92.56597499237282,5.92422239951186,1.7320833510996368e-05,,,,,,,
4e49edafab4a45f9b7123a3e9598e4ca,2025-12-11 20:26:45.224000+00:00,2025-12-11 20:26:46.793000+00:00,FINISHED,jacobi_N513_p8,weak_scaling_v2,/Shared/LSM-PoissonMPI-ExamPrep,50,5,weak_scaling_v2,custom,1,0.6666666666666666,0.0,2,8,1,hpc,jacobi,cubic,513,,,,,,,,,,,,13.282671494,1.5371899248496741e-09,4.215394379999998,0.21346579199999877,0.9974931142642636,10.472721074993286,1.0,0.0,50.0,502.28160449602996,32.14602268774592,1.5371899248496741e-09,,,,,,,
db2e7829b4994e9f98b84069f28113b1,2025-12-11 20:26:17.844000+00:00,2025-12-11 20:26:19.549000+00:00,FINISHED,fmg_N513_p8,weak_scaling_v2,/Shared/LSM-PoissonMPI-ExamPrep,50,5,weak_scaling_v2,custom,1,0.6666666666666666,0.0,2,8,1,hpc,fmg,cubic,513,,,,,,,,,,,,10.373471988,3.7958820003917244e-05,3.007982385999994,0.3388483680000153,1.2067559076736327e-05,5.86335959995595e-06,1.0,0.0,9.0,115.76601164867387,7.4090247455151275,3.7958820003917244e-05,,,,,,,
c1699062be1c4a3b87e2de82362f4b6b,2025-12-11 20:25:53.771000+00:00,2025-12-11 20:25:55.410000+00:00,FINISHED,jacobi_N513_p8,weak_scaling_v2,/Shared/LSM-PoissonMPI-ExamPrep,50,5,weak_scaling_v2,custom,1,0.6666666666666666,0.0,2,8,1,hpc,jacobi,sliced,513,,,,,,,,,,,,14.310585038,1.5371899248496741e-09,5.407213940999999,0.12661161900000045,0.9974931142642636,10.407874499404159,1.0,0.0,50.0,466.20327067581627,29.83700932325224,1.5371899248496741e-09,,,,,,,
86b0411a264a4ab3860f408144555d75,2025-12-11 20:25:25.931000+00:00,2025-12-11 20:25:27.565000+00:00,FINISHED,fmg_N513_p8,weak_scaling_v2,/Shared/LSM-PoissonMPI-ExamPrep,50,5,weak_scaling_v2,custom,1,0.6666666666666666,0.0,2,8,1,hpc,fmg,sliced,513,,,,,,,,,,,,10.934808216,1.7320833510996368e-05,3.7342072040000085,0.1940472329999953,1.2393105031765023e-05,1.9046362325378755e-06,1.0,0.0,8.0,97.62060997449139,6.247719038367449,1.7320833510996368e-05,,,,,,,
f560400f535d439c945b83643ec69596,2025-12-11 20:23:28.820000+00:00,2025-12-11 20:23:30.459000+00:00,FINISHED,fmg_N513_p8,weak_scaling_v2,/Shared/LSM-PoissonMPI-ExamPrep,50,5,weak_scaling_v2,numpy,1,0.6666666666666666,0.0,2,8,1,hpc,fmg,sliced,513,,,,,,,,,,,,12.012041884,1.7320833510996368e-05,4.038351096000014,0.31522556000002533,1.2393105031765023e-05,1.9046362325378755e-06,1.0,0.0,8.0,88.86604445009942,5.687426844806363,1.7320833510996368e-05,,,,,,,
557412831b04494391bc188d37405b84,2025-12-11 20:22:31.965000+00:00,2025-12-11 20:22:33.698000+00:00,FINISHED,fmg_N513_p8,weak_scaling_v2,/Shared/LSM-PoissonMPI-ExamPrep,50,5,weak_scaling_v2,custom,1,0.6666666666666666,0.0,2,8,1,hpc,fmg,cubic,513,,,,,,,,,,,,11.28307704,3.7958820003917244e-05,3.237154366999996,0.36405637700002136,1.2067559076736327e-05,5.86335959995595e-06,1.0,0.0,9.0,106.43333150546314,6.8117332163496425,3.7958820003917244e-05,,,,,,,
3b7092621bc24b2088f80895ad6a7ed5,2025-12-11 20:21:35.700000+00:00,2025-12-11 20:21:37.350000+00:00,FINISHED,fmg_N513_p8,weak_scaling_v2,/Shared/LSM-PoissonMPI-ExamPrep,50,5,weak_scaling_v2,custom,1,0.6666666666666666,0.0,2,8,1,hpc,fmg,sliced,513,,,,,,,,,,,,11.894328202,1.7320833510996368e-05,4.027411972000002,0.25506537900000026,1.2393105031765023e-05,1.9046362325378755e-06,1.0,0.0,8.0,89.74551818912386,5.743713164103927,1.7320833510996368e-05,,,,,,,
4eccb6c0c9df4d1697d2aa2bd9577e84,2025-12-11 20:21:00.236000+00:00,2025-12-11 20:21:01.903000+00:00,FINISHED,jacobi_N740_p24,weak_scaling_v2,/Shared/LSM-PoissonMPI-ExamPrep,50,5,weak_scaling_v2,numpy,1,0.6666666666666666,0.0,2,24,1,hpc,jacobi,cubic,740,,,,,,,,,,,,19.456081096,4.2529414321172536e-10,6.1855868580000095,0.4859386140000018,0.998795898091104,10.437743356470197,1.0,0.0,50.0,1032.9605176312637,66.10947312840086,4.2529414321172536e-10,,,,,,,
04beb856e5b94900877495361824311e,2025-12-11 20:20:04.763000+00:00,2025-12-11 20:20:06.654000+00:00,FINISHED,jacobi_N740_p24,weak_scaling_v2,/Shared/LSM-PoissonMPI-ExamPrep,50,5,weak_scaling_v2,numpy,1,0.6666666666666666,0.0,2,24,1,hpc,jacobi,sliced,740,,,,,,,,,,,,21.421662072,4.2529414321172536e-10,8.046423921999999,0.850181684999995,0.998795898091104,10.34150144070483,1.0,0.0,50.0,938.1794714364869,60.043486171935164,4.2529414321172536e-10,,,,,,,
ddcdc49b29f9443f94959006873dd4f3,2025-12-11 20:19:11.010000+00:00,2025-12-11 20:19:12.620000+00:00,FINISHED,jacobi_N740_p24,weak_scaling_v2,/Shared/LSM-PoissonMPI-ExamPrep,50,5,weak_scaling_v2,custom,1,0.6666666666666666,0.0,2,24,1,hpc,jacobi,cubic,740,,,,,,,,,,,,19.500249943,4.2529414321172536e-10,6.223552522000008,0.4320767639999979,0.998795898091104,10.437743356470197,1.0,0.0,50.0,1030.62082069437,65.95973252443967,4.2529414321172536e-10,,,,,,,
5e5dc937b7864800ade582fc9e64d9b3,2025-12-11 20:18:22.596000+00:00,2025-12-11 20:18:24.308000+00:00,FINISHED,jacobi_N740_p24,weak_scaling_v2,/Shared/LSM-PoissonMPI-ExamPrep,50,5,weak_scaling_v2,custom,1,0.6666666666666666,0.0,2,24,1,hpc,jacobi,sliced,740,,,,,,,,,,,,20.947184855,4.2529414321172536e-10,8.057424379999999,0.3559040880000007,0.998795898091104,10.34150144070483,1.0,0.0,50.0,959.4302880848854,61.40353843743267,4.2529414321172536e-10,,,,,,,
8d3bc03f51ed4e2aa3bae215c246e47d,2025-12-11 20:17:21.445000+00:00,2025-12-11 20:17:23.201000+00:00,FINISHED,jacobi_N1285_p125,weak_scaling_v2,/Shared/LSM-PoissonMPI-ExamPrep,50,5,weak_scaling_v2,numpy,1,0.6666666666666666,0.0,2,125,1,hpc,jacobi,cubic,1285,,,,,,,,,,,,23.916033987,6.145555541939458e-11,6.7803268530000045,0.6592344360000059,0.9996009810586701,10.42794719120954,1.0,0.0,50.0,4415.306041436426,282.57958665193127,6.145555541939458e-11,,,,,,,
8b8b1800e8ef49f18c5a0fd03a51f542,2025-12-11 20:16:00.770000+00:00,2025-12-11 20:16:02.476000+00:00,FINISHED,jacobi_N1285_p125,weak_scaling_v2,/Shared/LSM-PoissonMPI-ExamPrep,50,5,weak_scaling_v2,numpy,1,0.6666666666666666,0.0,2,125,1,hpc,jacobi,sliced,1285,,,,,,,,,,,,24.370663322,6.145555541939458e-11,8.65271262599999,2.4029024820000005,0.9996009810586701,10.06631456540434,1.0,0.0,50.0,4332.939483623958,277.3081269519333,6.145555541939458e-11,,,,,,,
7c91756d8dbd4e95a044842f9c8e6efb,2025-12-11 20:14:40.052000+00:00,2025-12-11 20:14:42.183000+00:00,FINISHED,jacobi_N1285_p125,weak_scaling_v2,/Shared/LSM-PoissonMPI-ExamPrep,50,5,weak_scaling_v2,custom,1,0.6666666666666666,0.0,2,125,1,hpc,jacobi,cubic,1285,,,,,,,,,,,,21.880493588,6.145555541939458e-11,7.023010101000011,0.5773942819999947,0.9996009810586701,10.42794719120954,1.0,0.0,50.0,4826.061575133421,308.86794080853895,6.145555541939458e-11,,,,,,,
6f8b6208799b44509ba51f3915b3ce42,2025-12-11 20:13:21.210000+00:00,2025-12-11 20:13:22.997000+00:00,FINISHED,jacobi_N1285_p125,weak_scaling_v2,/Shared/LSM-PoissonMPI-ExamPrep,50,5,weak_scaling_v2,custom,1,0.6666666666666666,0.0,2,125,1,hpc,jacobi,sliced,1285,,,,,,,,,,,,22.997018731,6.145555541939458e-11,8.703305495999995,1.0144047179999962,0.9996009810586701,10.06631456540434,1.0,0.0,50.0,4591.752112966525,293.8721352298576,6.145555541939458e-11,,,,,,,
c5102344517b45fe965463d7afa7d24e,2025-12-11 20:11:51.189000+00:00,2025-12-11 20:11:52.898000+00:00,FINISHED,jacobi_N771_p27,weak_scaling_v2,/Shared/LSM-PoissonMPI-ExamPrep,50,5,weak_scaling_v2,numpy,1,0.6666666666666666,0.0,2,27,1,hpc,jacobi,cubic,771,,,,,,,,,,,,20.183555283,3.6829581396248595e-10,6.921328039999992,0.4094526779999965,0.9988908484349039,10.428844700559342,1.0,0.0,50.0,1126.5522912680992,72.09934664115835,3.6829581396248595e-10,,,,,,,
fa89c62f6f584c8187b5adacff73ddf7,2025-12-11 20:10:57.764000+00:00,2025-12-11 20:10:59.450000+00:00,FINISHED,jacobi_N771_p27,weak_scaling_v2,/Shared/LSM-PoissonMPI-ExamPrep,50,5,weak_scaling_v2,numpy,1,0.6666666666666666,0.0,2,27,1,hpc,jacobi,sliced,771,,,,,,,,,,,,21.828144339,3.6829581396248595e-10,8.111946404000003,1.042031093000001,0.9988908484349039,10.330796550791876,1.0,0.0,50.0,1041.6749173393855,66.66719470972068,3.6829581396248595e-10,,,,,,,
0d4e240b92d6486192e098e715e2468c,2025-12-11 20:10:02.978000+00:00,2025-12-11 20:10:04.713000+00:00,FINISHED,jacobi_N771_p27,weak_scaling_v2,/Shared/LSM-PoissonMPI-ExamPrep,50,5,weak_scaling_v2,custom,1,0.6666666666666666,0.0,2,27,1,hpc,jacobi,cubic,771,,,,,,,,,,,,20.036162106,3.6829581396248595e-10,6.996602363,0.3758940169999966,0.9988908484349039,10.428844700559342,1.0,0.0,50.0,1134.839612981119,72.62973523079161,3.6829581396248595e-10,,,,,,,
e6ff2bbe308046b6a9ba61e00ecd0013,2025-12-11 20:09:11.542000+00:00,2025-12-11 20:09:13.361000+00:00,FINISHED,jacobi_N771_p27,weak_scaling_v2,/Shared/LSM-PoissonMPI-ExamPrep,50,5,weak_scaling_v2,custom,1,0.6666666666666666,0.0,2,27,1,hpc,jacobi,sliced,771,,,,,,,,,,,,21.228440251,3.6829581396248595e-10,8.163622055000006,0.3981804359999976,0.9988908484349039,10.330796550791876,1.0,0.0,50.0,1071.1022656941977,68.55054500442864,3.6829581396248595e-10,,,,,,,
7298d7e42c0246fa8363d6baead06e0d,2025-12-11 20:02:07.196000+00:00,2025-12-11 20:02:08.987000+00:00,FINISHED,jacobi_N1025_p64,weak_scaling_v2,/Shared/LSM-PoissonMPI-ExamPrep,50,5,weak_scaling_v2,numpy,1,0.6666666666666666,0.0,2,64,1,hpc,jacobi,cubic,1025,,,,,,,,,,,,20.425287887,1.3572177849216314e-10,6.745002524000011,0.45527225200000504,0.999372700347946,10.428550667601103,1.0,0.0,50.0,2620.7688550656853,167.72920672420386,1.3572177849216314e-10,,,,,,,
fe3e59cbe16d475fa59a03ea9b1ad18a,2025-12-11 20:01:22.781000+00:00,2025-12-11 20:01:24.483000+00:00,FINISHED,fmg_N1025_p64,weak_scaling_v2,/Shared/LSM-PoissonMPI-ExamPrep,50,5,weak_scaling_v2,numpy,1,0.6666666666666666,0.0,2,64,1,hpc,fmg,cubic,1025,,,,,,,,,,,,14.734286903,1.123423232216903,4.726844465999999,1.2871367710000254,0.000588792490087052,0.3662770820177923,1.0,0.0,9.0,653.9435920063543,41.85238988840667,1.123423232216903,,,,,,,
b3899e501ace4bfc90e5aeb943198a1a,2025-12-11 20:00:41.345000+00:00,2025-12-11 20:00:43.310000+00:00,FINISHED,jacobi_N1025_p64,weak_scaling_v2,/Shared/LSM-PoissonMPI-ExamPrep,50,5,weak_scaling_v2,numpy,1,0.6666666666666666,0.0,2,64,1,hpc,jacobi,sliced,1025,,,,,,,,,,,,22.14662127,1.3572177849216314e-10,7.892673729,1.6858936239999966,0.999372700347946,10.215106033629933,1.0,0.0,50.0,2417.07110522146,154.69255073417347,1.3572177849216314e-10,,,,,,,
f00412dd83404370bd47f55dc197a1d7,2025-12-11 19:59:54.112000+00:00,2025-12-11 19:59:55.749000+00:00,FINISHED,fmg_N1025_p64,weak_scaling_v2,/Shared/LSM-PoissonMPI-ExamPrep,50,5,weak_scaling_v2,numpy,1,0.6666666666666666,0.0,2,64,1,hpc,fmg,sliced,1025,,,,,,,,,,,,16.738055982,8.35824847893583,5.76919705899998,1.7935338030000163,0.7608789216158702,7.777600444003111,1.0,0.0,6.0,383.7718674682349,24.561399517967036,8.35824847893583,,,,,,,
3338b5e4bc7442008fc1c36143b6caee,2025-12-11 19:59:12.065000+00:00,2025-12-11 19:59:13.844000+00:00,FINISHED,jacobi_N1025_p64,weak_scaling_v2,/Shared/LSM-PoissonMPI-ExamPrep,50,5,weak_scaling_v2,custom,1,0.6666666666666666,0.0,2,64,1,hpc,jacobi,cubic,1025,,,,,,,,,,,,20.660385222,1.3572177849216314e-10,6.375092451000001,0.3982704639999905,0.999372700347946,10.428550667601103,1.0,0.0,50.0,2590.946769617789,165.82059325553848,1.3572177849216314e-10,,,,,,,
8422d8ab2e514a5583ee89d57c0fe6a5,2025-12-11 19:58:26.656000+00:00,2025-12-11 19:58:28.277000+00:00,FINISHED,fmg_N1025_p64,weak_scaling_v2,/Shared/LSM-PoissonMPI-ExamPrep,50,5,weak_scaling_v2,custom,1,0.6666666666666666,0.0,2,64,1,hpc,fmg,cubic,1025,,,,,,,,,,,,15.177651903,1.123423232216903,4.513265851000006,1.9165081490000253,0.000588792490087052,0.3662770820177923,1.0,0.0,9.0,634.8407885870329,40.6298104695701,1.123423232216903,,,,,,,
9ce6ed06488649eaad98680bfc2abc57,2025-12-11 19:57:46.451000+00:00,2025-12-11 19:57:48.291000+00:00,FINISHED,jacobi_N1025_p64,weak_scaling_v2,/Shared/LSM-PoissonMPI-ExamPrep,50,5,weak_scaling_v2,custom,1,0.6666666666666666,0.0,2,64,1,hpc,jacobi,sliced,1025,,,,,,,,,,,,21.233739804,1.3572177849216314e-10,7.988334655999992,0.6479113919999978,0.999372700347946,10.215106033629933,1.0,0.0,50.0,2520.985885864348,161.34309669531825,1.3572177849216314e-10,,,,,,,
3e9f2fa5843a4d37b0d694af8cc499df,2025-12-11 19:56:59.894000+00:00,2025-12-11 19:57:01.752000+00:00,FINISHED,fmg_N1025_p64,weak_scaling_v2,/Shared/LSM-PoissonMPI-ExamPrep,50,5,weak_scaling_v2,custom,1,0.6666666666666666,0.0,2,64,1,hpc,fmg,sliced,1025,,,,,,,,,,,,15.972330015,8.35824847893583,5.673829945999994,0.9972319749999847,0.7608789216158702,7.777600444003111,1.0,0.0,6.0,402.17019032085153,25.7388921805345,8.35824847893583,,,,,,,
9f379c98c8a44ea482e40fdfb5f9b121,2025-12-11 19:42:20.879000+00:00,2025-12-11 19:42:22.705000+00:00,FINISHED,jacobi_N1295_p128,weak_scaling_v2,/Shared/LSM-PoissonMPI-ExamPrep,50,5,weak_scaling_v2,numpy,1,0.6666666666666666,0.0,2,128,1,hpc,jacobi,cubic,1295,,,,,,,,,,,,21.606151196,5.980858552450444e-11,6.264291411000005,0.7103136439999984,0.9996071232628264,10.425092950686757,1.0,0.0,50.0,5002.512334080586,320.1607893811575,5.980858552450444e-11,,,,,,,
8b1b7ba649c341e4b86486252e9d5cdd,2025-12-11 19:41:00.261000+00:00,2025-12-11 19:41:02.023000+00:00,FINISHED,jacobi_N1295_p128,weak_scaling_v2,/Shared/LSM-PoissonMPI-ExamPrep,50,5,weak_scaling_v2,numpy,1,0.6666666666666666,0.0,2,128,1,hpc,jacobi,sliced,1295,,,,,,,,,,,,24.316837032,5.980858552450444e-11,8.802326874999986,2.044677799000006,0.9996071232628264,10.055206059911033,1.0,0.0,50.0,4444.864178172694,284.4713074030524,5.980858552450444e-11,,,,,,,
c9036b0e963d46b6ab1d752f84c8be60,2025-12-11 19:39:33.555000+00:00,2025-12-11 19:39:35.744000+00:00,FINISHED,jacobi_N1295_p128,weak_scaling_v2,/Shared/LSM-PoissonMPI-ExamPrep,50,5,weak_scaling_v2,custom,1,0.6666666666666666,0.0,2,128,1,hpc,jacobi,cubic,1295,,,,,,,,,,,,21.351862735,5.980858552450444e-11,6.365197778999998,0.5651861739999953,0.9996071232628264,10.425092950686757,1.0,0.0,50.0,5062.089391986718,323.9737210871499,5.980858552450444e-11,,,,,,,
6100573b04b540d1ae4c0513682068fa,2025-12-11 19:38:12.999000+00:00,2025-12-11 19:38:14.921000+00:00,FINISHED,jacobi_N1295_p128,weak_scaling_v2,/Shared/LSM-PoissonMPI-ExamPrep,50,5,weak_scaling_v2,custom,1,0.6666666666666666,0.0,2,128,1,hpc,jacobi,sliced,1295,,,,,,,,,,,,23.271612041,5.980858552450444e-11,8.78182163899999,1.0136652959999943,0.9996071232628264,10.055206059911033,1.0,0.0,50.0,4644.501535156887,297.24809825004075,5.980858552450444e-11,,,,,,,
76dc1f8ba678462296e646e6754743e6,2025-12-11 19:32:13.639000+00:00,2025-12-11 19:32:14.383000+00:00,FINISHED,jacobi_N257_p1,weak_scaling_v2,/Shared/LSM-PoissonMPI-ExamPrep,50,5,weak_scaling_v2,numpy,1,0.6666666666666666,0.0,2,1,1,hpc,jacobi,cubic,257,,,,,,,,,,,,10.107559712021612,1.7365196038470307e-08,2.5863240460748784,0.00010379002196714282,0.9900093500585803,10.42473923236189,1.0,0.0,50.0,82.02462054356522,5.249575714788174,1.7365196038470307e-08,,,,,,,
f2efd743a4b344b3aef94ebacde8cdd3,2025-12-11 19:31:53.801000+00:00,2025-12-11 19:31:54.516000+00:00,FINISHED,fmg_N257_p1,weak_scaling_v2,/Shared/LSM-PoissonMPI-ExamPrep,50,5,weak_scaling_v2,numpy,1,0.6666666666666666,0.0,2,1,1,hpc,fmg,cubic,257,,,,,,,,,,,,8.036544561007759,0.00023078173808157223,1.7584117253427394,0.0,4.668214197842292e-05,3.794042881087481e-05,1.0,0.0,9.0,18.569221369599013,1.188430167654337,0.00023078173808157223,,,,,,,
813085927a584487bd9e33df69cc0ddf,2025-12-11 19:31:36.012000+00:00,2025-12-11 19:31:36.726000+00:00,FINISHED,jacobi_N257_p1,weak_scaling_v2,/Shared/LSM-PoissonMPI-ExamPrep,50,5,weak_scaling_v2,numpy,1,0.6666666666666666,0.0,2,1,1,hpc,jacobi,sliced,257,,,,,,,,,,,,10.165639673999976,1.7365196038470307e-08,2.6333329650515225,9.801596752367914e-05,0.9900093500585803,10.42473923236189,1.0,0.0,50.0,81.55598433421338,5.219582997389655,1.7365196038470307e-08,,,,,,,
0bac4810d5fb474683f4cfa0c03f27c7,2025-12-11 19:31:16.217000+00:00,2025-12-11 19:31:16.924000+00:00,FINISHED,fmg_N257_p1,weak_scaling_v2,/Shared/LSM-PoissonMPI-ExamPrep,50,5,weak_scaling_v2,numpy,1,0.6666666666666666,0.0,2,1,1,hpc,fmg,sliced,257,,,,,,,,,,,,8.07387771399226,0.00023078173808157223,1.7505084636213724,0.0,4.668214197842292e-05,3.794042881087481e-05,1.0,0.0,9.0,18.483358342345962,1.1829349339101416,0.00023078173808157223,,,,,,,
2a573ba64b6e4281b822d0478a49a3ab,2025-12-11 19:30:58.049000+00:00,2025-12-11 19:30:58.807000+00:00,FINISHED,jacobi_N257_p1,weak_scaling_v2,/Shared/LSM-PoissonMPI-ExamPrep,50,5,weak_scaling_v2,custom,1,0.6666666666666666,0.0,2,1,1,hpc,jacobi,cubic,257,,,,,,,,,,,,10.307888412993634,1.7365196038470307e-08,2.738576758012641,9.833599324338138e-05,0.9900093500585803,10.42473923236189,1.0,0.0,50.0,80.43051270858882,5.1475528133496855,1.7365196038470307e-08,,,,,,,
c4ab3dc514c3427da4a683b8cc518d12,2025-12-11 19:30:38.104000+00:00,2025-12-11 19:30:38.825000+00:00,FINISHED,fmg_N257_p1,weak_scaling_v2,/Shared/LSM-PoissonMPI-ExamPrep,50,5,weak_scaling_v2,custom,1,0.6666666666666666,0.0,2,1,1,hpc,fmg,cubic,257,,,,,,,,,,,,8.068855760997394,0.00023078173808157223,1.751465994893806,0.0,4.668214197842292e-05,3.794042881087481e-05,1.0,0.0,9.0,18.494862149023387,1.1836711775374966,0.00023078173808157223,,,,,,,
6a1a2514158042778addf6ceb4810e9c,2025-12-11 19:30:20.461000+00:00,2025-12-11 19:30:21.154000+00:00,FINISHED,jacobi_N257_p1,weak_scaling_v2,/Shared/LSM-PoissonMPI-ExamPrep,50,5,weak_scaling_v2,custom,1,0.6666666666666666,0.0,2,1,1,hpc,jacobi,sliced,257,,,,,,,,,,,,10.06166692401166,1.7365196038470307e-08,2.568007230060175,9.956289432011545e-05,0.9900093500585803,10.42473923236189,1.0,0.0,50.0,82.39874727133625,5.273519825365519,1.7365196038470307e-08,,,,,,,
78a5cf4be8074e83b31823cfa1a061c7,2025-12-11 19:30:00.637000+00:00,2025-12-11 19:30:01.365000+00:00,FINISHED,fmg_N257_p1,weak_scaling_v2,/Shared/LSM-PoissonMPI-ExamPrep,50,5,weak_scaling_v2,custom,1,0.6666666666666666,0.0,2,1,1,hpc,fmg,sliced,257,,,,,,,,,,,,8.049674865003908,0.00023078173808157223,1.7593568078009412,0.0,4.668214197842292e-05,3.794042881087481e-05,1.0,0.0,9.0,18.538932006905046,1.1864916484419228,0.00023078173808157223,,,,,,,
7f881a80abae4e1b9e552432e0435d51,2025-12-11 19:18:29.129000+00:00,2025-12-11 19:18:30.766000+00:00,FINISHED,jacobi_N513_p8,weak_scaling_v2,/Shared/LSM-PoissonMPI-ExamPrep,50,5,weak_scaling_v2,numpy,1,0.6666666666666666,0.0,2,8,1,hpc,jacobi,sliced,513,,,,,,,,,,,,11.834093169,1.5371899248496741e-09,3.6623203950000014,0.25219712399998967,0.9974931142642636,10.407874499404159,1.0,0.0,50.0,563.7644942222272,36.08092763022255,1.5371899248496741e-09,,,,,,,
1e6f096ad9eb489da19285905242cc6f,2025-12-11 19:16:51.854000+00:00,2025-12-11 19:16:53.553000+00:00,FINISHED,jacobi_N513_p8,weak_scaling_v2,/Shared/LSM-PoissonMPI-ExamPrep,50,5,weak_scaling_v2,custom,1,0.6666666666666666,0.0,2,8,1,hpc,jacobi,sliced,513,,,,,,,,,,,,11.667647508,1.5371899248496741e-09,3.6526912420000017,0.08932831800000013,0.9974931142642636,10.407874499404159,1.0,0.0,50.0,571.806916983526,36.595642686945666,1.5371899248496741e-09,,,,,,,
430e25acc8ce44d887ca26442dde6199,2025-12-11 21:56:55.790000+00:00,2025-12-11 21:56:58.189000+00:00,FINISHED,jacobi_N1025_p8,weak_scaling_v2-LARGE,/Shared/LSM-PoissonMPI-ExamPrep,50,5,weak_scaling_v2-LARGE,custom,1,0.6666666666666666,0.0,2,8,1,hpc,jacobi,sliced,1025,,,,,,,,,,,,202.620393052,1.3572177849216314e-10,76.07934190300001,0.672238478000015,0.999372700347946,10.444686520358577,1.0,0.0,50.0,264.18840445276504,16.908057884976962,1.3572177849216314e-10,,,,,,,
c1c0a24e3ce84ccba46c69df2ddfa116,2025-12-11 21:42:20.057000+00:00,2025-12-11 21:42:21.807000+00:00,FINISHED,fmg_N1025_p24,weak_scaling_v2-LARGE,/Shared/LSM-PoissonMPI-ExamPrep,50,5,weak_scaling_v2-LARGE,custom,1,0.6666666666666666,0.0,2,24,1,hpc,fmg,sliced,1025,,,,,,,,,,,,34.869202768,10.807441767322066,15.214428081000055,1.0139141679999852,0.04432340704725395,17.224128810053227,1.0,0.0,8.0,245.62630218377237,15.720083339761432,10.807441767322066,,,,,,,
d8eb9e9bd5044b09b21036eadc5a62a9,2025-12-11 21:41:15.861000+00:00,2025-12-11 21:41:17.838000+00:00,FINISHED,fmg_N1025_p8,weak_scaling_v2-LARGE,/Shared/LSM-PoissonMPI-ExamPrep,50,5,weak_scaling_v2-LARGE,custom,1,0.6666666666666666,0.0,2,8,1,hpc,fmg,sliced,1025,,,,,,,,,,,,67.281082459,5.001661480441459e-06,31.011676177999984,0.9162821370000036,3.098791934173379e-06,5.321349046016359e-07,1.0,0.0,9.0,143.21102085228267,9.165505334546092,5.001661480441459e-06,,,,,,,
f467b13b588b4af0891eac4406b76149,2025-12-11 21:39:25.611000+00:00,2025-12-11 21:39:26.825000+00:00,FINISHED,fmg_N1025_p1,weak_scaling_v2-LARGE,/Shared/LSM-PoissonMPI-ExamPrep,50,5,weak_scaling_v2-LARGE,custom,1,0.6666666666666666,0.0,2,1,1,hpc,fmg,sliced,1025,,,,,,,,,,,,334.3482543080172,1.5963294673632615e-05,143.257315494644,0.0,2.8979702959239816e-06,2.6178350643573635e-06,1.0,0.0,11.0,35.222528262853906,2.2542418088226497,1.5963294673632615e-05,,,,,,,
e7f6aab00e4747bdac7bb26401d32573,2025-12-11 21:32:48.796000+00:00,2025-12-11 21:32:50.387000+00:00,FINISHED,jacobi_N513_p24,weak_scaling_v2-LARGE,/Shared/LSM-PoissonMPI-ExamPrep,50,5,weak_scaling_v2-LARGE,numpy,1,0.6666666666666666,0.0,2,24,1,hpc,jacobi,cubic,513,,,,,,,,,,,,6.372490259,1.5371899248496741e-09,1.8895288450000027,0.20948782400000232,0.9974931142642636,10.416212484230918,1.0,0.0,50.0,1046.9441739165472,67.00442713065902,1.5371899248496741e-09,,,,,,,
8a165d2937d44430879df335d7f1ad65,2025-12-11 21:32:24.413000+00:00,2025-12-11 21:32:26.024000+00:00,FINISHED,jacobi_N513_p8,weak_scaling_v2-LARGE,/Shared/LSM-PoissonMPI-ExamPrep,50,5,weak_scaling_v2-LARGE,numpy,1,0.6666666666666666,0.0,2,8,1,hpc,jacobi,cubic,513,,,,,,,,,,,,13.685248267,1.5371899248496741e-09,4.248212084999995,0.3141170690000016,0.9974931142642636,10.472721074993286,1.0,0.0,50.0,487.50606637423596,31.200388247951103,1.5371899248496741e-09,,,,,,,
49decc592b664d59a552f0e8bb6b6a24,2025-12-11 21:31:56.292000+00:00,2025-12-11 21:31:57.027000+00:00,FINISHED,jacobi_N513_p1,weak_scaling_v2-LARGE,/Shared/LSM-PoissonMPI-ExamPrep,50,5,weak_scaling_v2-LARGE,numpy,1,0.6666666666666666,0.0,2,1,1,hpc,jacobi,cubic,513,,,,,,,,,,,,81.96965838500182,1.5371899248496741e-09,21.81604973395588,0.00011387403355911374,0.9974931142642636,10.472720618589547,1.0,0.0,50.0,81.39159881164913,5.209062323945545,1.5371899248496741e-09,,,,,,,
e3768881877f4a6b902c2ef94c46d84e,2025-12-11 21:30:15.154000+00:00,2025-12-11 21:30:16.754000+00:00,FINISHED,fmg_N513_p24,weak_scaling_v2-LARGE,/Shared/LSM-PoissonMPI-ExamPrep,50,5,weak_scaling_v2-LARGE,numpy,1,0.6666666666666666,0.0,2,24,1,hpc,fmg,cubic,513,,,,,,,,,,,,7.104310949,3.0421762637637015,1.3467522460000034,0.45156551100000386,0.005640251543509732,3.1471772051202276,1.0,0.0,8.0,150.25562023721042,9.616359695181467,3.0421762637637015,,,,,,,
87c870cde98c42ca9c3d30da9bd6caab,2025-12-11 21:29:50.551000+00:00,2025-12-11 21:29:52.088000+00:00,FINISHED,fmg_N513_p8,weak_scaling_v2-LARGE,/Shared/LSM-PoissonMPI-ExamPrep,50,5,weak_scaling_v2-LARGE,numpy,1,0.6666666666666666,0.0,2,8,1,hpc,fmg,cubic,513,,,,,,,,,,,,10.992933533,3.7958820003917244e-05,3.051758155999999,0.38210726100000614,1.2067559076736327e-05,5.86335959995595e-06,1.0,0.0,9.0,109.24249431646227,6.991519636253585,3.7958820003917244e-05,,,,,,,
b42943657262472986c1ff32d8fdacbf,2025-12-11 21:29:25.280000+00:00,2025-12-11 21:29:25.958000+00:00,FINISHED,fmg_N513_p1,weak_scaling_v2-LARGE,/Shared/LSM-PoissonMPI-ExamPrep,50,5,weak_scaling_v2-LARGE,numpy,1,0.6666666666666666,0.0,2,1,1,hpc,fmg,cubic,513,,,,,,,,,,,,41.064139566995436,6.090499411436709e-05,14.377491337625543,0.0,1.1622575422780767e-05,1.0028928323281678e-05,1.0,0.0,10.0,32.49376034832208,2.079600662292613,6.090499411436709e-05,,,,,,,
9714adf1f65f40869b991302fe5748e4,2025-12-11 21:28:27.129000+00:00,2025-12-11 21:28:28.765000+00:00,FINISHED,jacobi_N513_p24,weak_scaling_v2-LARGE,/Shared/LSM-PoissonMPI-ExamPrep,50,5,weak_scaling_v2-LARGE,numpy,1,0.6666666666666666,0.0,2,24,1,hpc,jacobi,sliced,513,,,,,,,,,,,,7.412201571,1.5371899248496741e-09,2.7214411070000017,0.44447518799999797,0.9974931142642636,10.277030936697843,1.0,0.0,50.0,900.0890607323178,57.60569988686834,1.5371899248496741e-09,,,,,,,
5aac4d56919c415c95a5b963a87b9518,2025-12-11 21:28:01.971000+00:00,2025-12-11 21:28:03.637000+00:00,FINISHED,jacobi_N513_p8,weak_scaling_v2-LARGE,/Shared/LSM-PoissonMPI-ExamPrep,50,5,weak_scaling_v2-LARGE,numpy,1,0.6666666666666666,0.0,2,8,1,hpc,jacobi,sliced,513,,,,,,,,,,,,14.836380615,1.5371899248496741e-09,5.439810039999998,0.4511941000000015,0.9974931142642636,10.407874499404159,1.0,0.0,50.0,449.6812075079,28.779597280505598,1.5371899248496741e-09,,,,,,,
458a24e037db47dd9c861bacba5a7937,2025-12-11 21:27:33.016000+00:00,2025-12-11 21:27:33.747000+00:00,FINISHED,jacobi_N513_p1,weak_scaling_v2-LARGE,/Shared/LSM-PoissonMPI-ExamPrep,50,5,weak_scaling_v2-LARGE,numpy,1,0.6666666666666666,0.0,2,1,1,hpc,jacobi,sliced,513,,,,,,,,,,,,82.10863930001506,1.5371899248496741e-09,21.83406055314117,0.00011157614062540233,0.9974931142642636,10.472720618589547,1.0,0.0,50.0,81.25383159283187,5.200245221941239,1.5371899248496741e-09,,,,,,,
2f7cc68602934c1e95e672865798bcf7,2025-12-11 21:25:54.021000+00:00,2025-12-11 21:25:55.633000+00:00,FINISHED,fmg_N513_p24,weak_scaling_v2-LARGE,/Shared/LSM-PoissonMPI-ExamPrep,50,5,weak_scaling_v2-LARGE,numpy,1,0.6666666666666666,0.0,2,24,1,hpc,fmg,sliced,513,,,,,,,,,,,,7.842063047,1.6776459740058451,1.9080963589999929,0.4747874929999958,0.016334547850895206,0.9608797178360022,1.0,0.0,7.0,119.10511448353063,7.62272732694596,1.6776459740058451,,,,,,,
8b20ebc321c34074a8cce43e3184eae4,2025-12-11 21:25:27.832000+00:00,2025-12-11 21:25:29.458000+00:00,FINISHED,fmg_N513_p8,weak_scaling_v2-LARGE,/Shared/LSM-PoissonMPI-ExamPrep,50,5,weak_scaling_v2-LARGE,numpy,1,0.6666666666666666,0.0,2,8,1,hpc,fmg,sliced,513,,,,,,,,,,,,11.53303623,1.7320833510996368e-05,3.7713072520000046,0.3092321039999927,1.2393105031765023e-05,1.9046362325378755e-06,1.0,0.0,8.0,92.55694915995248,5.923644746236959,1.7320833510996368e-05,,,,,,,
fd26307962e54c32b8bff2eaea9e3c26,2025-12-11 21:25:01.503000+00:00,2025-12-11 21:25:02.239000+00:00,FINISHED,fmg_N513_p1,weak_scaling_v2-LARGE,/Shared/LSM-PoissonMPI-ExamPrep,50,5,weak_scaling_v2-LARGE,numpy,1,0.6666666666666666,0.0,2,1,1,hpc,fmg,sliced,513,,,,,,,,,,,,41.14524743199581,6.090499411436709e-05,14.35608347467496,0.0,1.1622575422780767e-05,1.0028928323281678e-05,1.0,0.0,10.0,32.42970678947444,2.0755012345263637,6.090499411436709e-05,,,,,,,
9a6685d3256b4f8aaf276d1610f0b2e8,2025-12-11 21:23:58.925000+00:00,2025-12-11 21:24:00.623000+00:00,FINISHED,jacobi_N513_p24,weak_scaling_v2-LARGE,/Shared/LSM-PoissonMPI-ExamPrep,50,5,weak_scaling_v2-LARGE,custom,1,0.6666666666666666,0.0,2,24,1,hpc,jacobi,cubic,513,,,,,,,,,,,,6.430431697,1.5371899248496741e-09,1.8875963509999978,0.1994765989999987,0.9974931142642636,10.416212484230918,1.0,0.0,50.0,1037.5106780330987,66.40068339411832,1.5371899248496741e-09,,,,,,,
f70d02f8b7d045418d805498faf6520c,2025-12-11 21:23:35.159000+00:00,2025-12-11 21:23:36.769000+00:00,FINISHED,jacobi_N513_p8,weak_scaling_v2-LARGE,/Shared/LSM-PoissonMPI-ExamPrep,50,5,weak_scaling_v2-LARGE,custom,1,0.6666666666666666,0.0,2,8,1,hpc,jacobi,cubic,513,,,,,,,,,,,,13.586611166,1.5371899248496741e-09,4.257663781,0.21203791799999416,0.9974931142642636,10.472721074993286,1.0,0.0,50.0,491.0452995589908,31.426899171775414,1.5371899248496741e-09,,,,,,,
86e814e1a5664d9f92c138dd55773fb3,2025-12-11 21:23:07.831000+00:00,2025-12-11 21:23:08.561000+00:00,FINISHED,jacobi_N513_p1,weak_scaling_v2-LARGE,/Shared/LSM-PoissonMPI-ExamPrep,50,5,weak_scaling_v2-LARGE,custom,1,0.6666666666666666,0.0,2,1,1,hpc,jacobi,cubic,513,,,,,,,,,,,,81.52354987699073,1.5371899248496741e-09,21.8108395000163,0.0001134669582825154,0.9974931142642636,10.472720618589547,1.0,0.0,50.0,81.83698526458559,5.23756705693348,1.5371899248496741e-09,,,,,,,
c45084c444b04984925004b4cea9a98b,2025-12-11 21:21:29.289000+00:00,2025-12-11 21:21:30.936000+00:00,FINISHED,fmg_N513_p24,weak_scaling_v2-LARGE,/Shared/LSM-PoissonMPI-ExamPrep,50,5,weak_scaling_v2-LARGE,custom,1,0.6666666666666666,0.0,2,24,1,hpc,fmg,cubic,513,,,,,,,,,,,,7.018704144,3.0421762637637015,1.3476429329999853,0.34483354899999474,0.005640251543509732,3.1471772051202276,1.0,0.0,8.0,152.0882809845361,9.733649983010311,3.0421762637637015,,,,,,,
f940247e00094a05a5b8f427f37e432d,2025-12-11 21:21:04.211000+00:00,2025-12-11 21:21:05.911000+00:00,FINISHED,fmg_N513_p8,weak_scaling_v2-LARGE,/Shared/LSM-PoissonMPI-ExamPrep,50,5,weak_scaling_v2-LARGE,custom,1,0.6666666666666666,0.0,2,8,1,hpc,fmg,cubic,513,,,,,,,,,,,,10.897002671,3.7958820003917244e-05,3.073218142999993,0.28732177299999084,1.2067559076736327e-05,5.86335959995595e-06,1.0,0.0,9.0,110.20420158250688,7.053068901280441,3.7958820003917244e-05,,,,,,,
f19204dceb7447ad9a92c46961946729,2025-12-11 21:20:38.740000+00:00,2025-12-11 21:20:39.469000+00:00,FINISHED,fmg_N513_p1,weak_scaling_v2-LARGE,/Shared/LSM-PoissonMPI-ExamPrep,50,5,weak_scaling_v2-LARGE,custom,1,0.6666666666666666,0.0,2,1,1,hpc,fmg,cubic,513,,,,,,,,,,,,41.05144732099143,6.090499411436709e-05,14.380620337091386,0.0,1.1622575422780767e-05,1.0028928323281678e-05,1.0,0.0,10.0,32.50380673710617,2.0802436311747945,6.090499411436709e-05,,,,,,,
2841876b8a8f486ba0a80a6952b90537,2025-12-11 21:19:41.032000+00:00,2025-12-11 21:19:42.677000+00:00,FINISHED,jacobi_N513_p24,weak_scaling_v2-LARGE,/Shared/LSM-PoissonMPI-ExamPrep,50,5,weak_scaling_v2-LARGE,custom,1,0.6666666666666666,0.0,2,24,1,hpc,jacobi,sliced,513,,,,,,,,,,,,7.110284437,1.5371899248496741e-09,2.7436505150000015,0.18175318899999923,0.9974931142642636,10.277030936697843,1.0,0.0,50.0,938.3086723342008,60.05175502938885,1.5371899248496741e-09,,,,,,,
3b19a1c03a5944bc95e6ee9d6b200015,2025-12-11 21:19:17.802000+00:00,2025-12-11 21:19:19.415000+00:00,FINISHED,jacobi_N513_p8,weak_scaling_v2-LARGE,/Shared/LSM-PoissonMPI-ExamPrep,50,5,weak_scaling_v2-LARGE,custom,1,0.6666666666666666,0.0,2,8,1,hpc,jacobi,sliced,513,,,,,,,,,,,,14.528541144,1.5371899248496741e-09,5.448359701999999,0.1169605079999988,0.9974931142642636,10.407874499404159,1.0,0.0,50.0,459.20932348773755,29.3893967032152,1.5371899248496741e-09,,,,,,,
53eaba83e6f04407b2d7cba6b57f7d3a,2025-12-11 21:18:48.638000+00:00,2025-12-11 21:18:49.367000+00:00,FINISHED,jacobi_N513_p1,weak_scaling_v2-LARGE,/Shared/LSM-PoissonMPI-ExamPrep,50,5,weak_scaling_v2-LARGE,custom,1,0.6666666666666666,0.0,2,1,1,hpc,jacobi,sliced,513,,,,,,,,,,,,81.74173983201035,1.5371899248496741e-09,21.870053591992473,0.00011483006528578699,0.9974931142642636,10.472720618589547,1.0,0.0,50.0,81.6185410747443,5.223586628783636,1.5371899248496741e-09,,,,,,,
e4c979df53cf4203be526fc7cd24b25d,2025-12-11 21:17:10.110000+00:00,2025-12-11 21:17:11.767000+00:00,FINISHED,fmg_N513_p24,weak_scaling_v2-LARGE,/Shared/LSM-PoissonMPI-ExamPrep,50,5,weak_scaling_v2-LARGE,custom,1,0.6666666666666666,0.0,2,24,1,hpc,fmg,sliced,513,,,,,,,,,,,,7.637318173,1.6776459740058451,1.8347683320000001,0.3296641079999957,0.016334547850895206,0.9608797178360022,1.0,0.0,7.0,122.29814129023063,7.8270810425747595,1.6776459740058451,,,,,,,
1e342c8cc76348a48d0fe593a65c7971,2025-12-11 21:16:44.647000+00:00,2025-12-11 21:16:46.408000+00:00,FINISHED,fmg_N513_p8,weak_scaling_v2-LARGE,/Shared/LSM-PoissonMPI-ExamPrep,50,5,weak_scaling_v2-LARGE,custom,1,0.6666666666666666,0.0,2,8,1,hpc,fmg,sliced,513,,,,,,,,,,,,11.431713343,1.7320833510996368e-05,3.7669710460000116,0.20842253400001515,1.2393105031765023e-05,1.9046362325378755e-06,1.0,0.0,8.0,93.37731064203435,5.976147881090198,1.7320833510996368e-05,,,,,,,
c33e149b8f9647f3beb46a78430028fe,2025-12-11 21:16:18.613000+00:00,2025-12-11 21:16:19.342000+00:00,FINISHED,fmg_N513_p1,weak_scaling_v2-LARGE,/Shared/LSM-PoissonMPI-ExamPrep,50,5,weak_scaling_v2-LARGE,custom,1,0.6666666666666666,0.0,2,1,1,hpc,fmg,sliced,513,,,,,,,,,,,,41.07663622900145,6.090499411436709e-05,14.374311931896955,0.0,1.1622575422780767e-05,1.0028928323281678e-05,1.0,0.0,10.0,32.48387483729548,2.0789679895869106,6.090499411436709e-05,,,,,,,
fbe39bb0ebe84404acd0843de3773653,2025-12-11 21:15:10.034000+00:00,2025-12-11 21:15:11.761000+00:00,FINISHED,jacobi_N1026_p8,weak_scaling_v2-LARGE,/Shared/LSM-PoissonMPI-ExamPrep,50,5,weak_scaling_v2-LARGE,numpy,1,0.6666666666666666,0.0,2,8,1,hpc,jacobi,cubic,1026,,,,,,,,,,,,116.72538132,1.3525867840684626e-10,43.258367499,2.03580308900002,0.9993739233748042,10.477071207593546,1.0,0.0,50.0,459.94359232648856,29.436389908895265,1.3525867840684626e-10,,,,,,,
71883379b28b47f8a7cd87b30c7d0f63,2025-12-11 21:12:26.122000+00:00,2025-12-11 21:12:27.829000+00:00,FINISHED,jacobi_N1026_p8,weak_scaling_v2-LARGE,/Shared/LSM-PoissonMPI-ExamPrep,50,5,weak_scaling_v2-LARGE,numpy,1,0.6666666666666666,0.0,2,8,1,hpc,jacobi,sliced,1026,,,,,,,,,,,,116.37488062,1.3525867840684626e-10,43.62158296000001,1.4099426370000092,0.9993739233748042,10.444691137871873,1.0,0.0,50.0,461.32886164072613,29.52504714500647,1.3525867840684626e-10,,,,,,,
8caceeb355fe46249ce14031f93a809b,2025-12-11 21:09:41.210000+00:00,2025-12-11 21:09:42.890000+00:00,FINISHED,jacobi_N1026_p8,weak_scaling_v2-LARGE,/Shared/LSM-PoissonMPI-ExamPrep,50,5,weak_scaling_v2-LARGE,custom,1,0.6666666666666666,0.0,2,8,1,hpc,jacobi,cubic,1026,,,,,,,,,,,,116.187232231,1.3525867840684626e-10,43.409222399000015,0.8659200190000191,0.9993739233748042,10.477071207593546,1.0,0.0,50.0,462.07393161118534,29.57273162311586,1.3525867840684626e-10,,,,,,,
d3352d0834074665b6e76e59506d34de,2025-12-11 21:06:57.664000+00:00,2025-12-11 21:06:59.247000+00:00,FINISHED,jacobi_N1026_p8,weak_scaling_v2-LARGE,/Shared/LSM-PoissonMPI-ExamPrep,50,5,weak_scaling_v2-LARGE,custom,1,0.6666666666666666,0.0,2,8,1,hpc,jacobi,sliced,1026,,,,,,,,,,,,115.207891079,1.3525867840684626e-10,43.677571590999996,0.37027249900006276,0.9993739233748042,10.444691137871873,1.0,0.0,50.0,466.0018571400274,29.824118856961757,1.3525867840684626e-10,,,,,,,
924a4a915b6448fcbc926a32350fdd65,2025-12-11 21:04:00.959000+00:00,2025-12-11 21:04:02.743000+00:00,FINISHED,jacobi_N1070_p72,weak_scaling_v2-LARGE,/Shared/LSM-PoissonMPI-ExamPrep,50,5,weak_scaling_v2-LARGE,numpy,1,0.6666666666666666,0.0,2,72,1,hpc,jacobi,cubic,1070,,,,,,,,,,,,21.202736875,1.1674702491394713e-10,6.801358224000001,0.7353714259999906,0.9994243870525679,10.426610511336396,1.0,0.0,50.0,2872.71034673914,183.85346219130497,1.1674702491394713e-10,,,,,,,
3ca3f7df61b349c1a923faffdaf3ddae,2025-12-11 21:02:45.058000+00:00,2025-12-11 21:02:46.670000+00:00,FINISHED,jacobi_N1070_p72,weak_scaling_v2-LARGE,/Shared/LSM-PoissonMPI-ExamPrep,50,5,weak_scaling_v2-LARGE,numpy,1,0.6666666666666666,0.0,2,72,1,hpc,jacobi,sliced,1070,,,,,,,,,,,,24.030762435,1.1674702491394713e-10,8.745570475000006,1.8736163710000047,0.9994243870525679,10.19559029100749,1.0,0.0,50.0,2534.639579778277,162.21693310580972,1.1674702491394713e-10,,,,,,,
a98351df74dc4dd7bc246ce0be39ec3c,2025-12-11 21:01:32.735000+00:00,2025-12-11 21:01:34.521000+00:00,FINISHED,jacobi_N1070_p72,weak_scaling_v2-LARGE,/Shared/LSM-PoissonMPI-ExamPrep,50,5,weak_scaling_v2-LARGE,custom,1,0.6666666666666666,0.0,2,72,1,hpc,jacobi,cubic,1070,,,,,,,,,,,,21.809440799,1.1674702491394713e-10,6.809418181999994,0.5772895949999926,0.9994243870525679,10.426610511336396,1.0,0.0,50.0,2792.796118036772,178.73895155435343,1.1674702491394713e-10,,,,,,,
3ff6ffccae6c434695f3e75be1eef959,2025-12-11 21:00:24.827000+00:00,2025-12-11 21:00:26.624000+00:00,FINISHED,jacobi_N1070_p72,weak_scaling_v2-LARGE,/Shared/LSM-PoissonMPI-ExamPrep,50,5,weak_scaling_v2-LARGE,custom,1,0.6666666666666666,0.0,2,72,1,hpc,jacobi,sliced,1070,,,,,,,,,,,,23.042114675,1.1674702491394713e-10,8.850310550000005,0.7986690870000058,0.9994243870525679,10.19559029100749,1.0,0.0,50.0,2643.391132242076,169.17703246349285,1.1674702491394713e-10,,,,,,,
3d7cc59727964d478e9495116f33267c,2025-12-11 20:59:31.487000+00:00,2025-12-11 20:59:32.185000+00:00,FINISHED,jacobi_N513_p1,weak_scaling_v2-LARGE,/Shared/LSM-PoissonMPI-ExamPrep,50,5,weak_scaling_v2-LARGE,numpy,1,0.6666666666666666,0.0,2,1,1,hpc,jacobi,cubic,513,,,,,,,,,,,,81.61432723898906,1.5371899248496741e-09,21.8004718888551,0.00012278195936232805,0.9974931142642636,10.472720618589547,1.0,0.0,50.0,81.74596024621523,5.231741455757774,1.5371899248496741e-09,,,,,,,
654844854f7742a4bd3ab7679aceea07,2025-12-11 20:59:04.829000+00:00,2025-12-11 20:59:06.674000+00:00,FINISHED,jacobi_N934_p48,weak_scaling_v2-LARGE,/Shared/LSM-PoissonMPI-ExamPrep,50,5,weak_scaling_v2-LARGE,numpy,1,0.6666666666666666,0.0,2,48,1,hpc,jacobi,cubic,934,,,,,,,,,,,,20.06748406,1.880109851208798e-10,6.419629293999993,0.5687325909999958,0.9992444132093244,10.428407706305226,1.0,0.0,50.0,2017.0878561046677,129.09362279069876,1.880109851208798e-10,,,,,,,
226c815acad94eba93aa1f4088f7d83d,2025-12-11 20:58:03.398000+00:00,2025-12-11 20:58:06.300000+00:00,FINISHED,jacobi_N934_p48,weak_scaling_v2-LARGE,/Shared/LSM-PoissonMPI-ExamPrep,50,5,weak_scaling_v2-LARGE,numpy,1,0.6666666666666666,0.0,2,48,1,hpc,jacobi,sliced,934,,,,,,,,,,,,22.579004022,1.8801098512087983e-10,8.210364654,1.4823699690000043,0.9992444132093244,10.262531834457208,1.0,0.0,50.0,1792.7220510063294,114.73421126440508,1.8801098512087983e-10,,,,,,,
2df83d71cbc445568c022fce666d0c6e,2025-12-11 20:57:54.236000+00:00,2025-12-11 20:57:54.936000+00:00,FINISHED,fmg_N513_p1,weak_scaling_v2-LARGE,/Shared/LSM-PoissonMPI-ExamPrep,50,5,weak_scaling_v2-LARGE,numpy,1,0.6666666666666666,0.0,2,1,1,hpc,fmg,cubic,513,,,,,,,,,,,,41.143675500003155,6.090499411436709e-05,14.353539890929824,0.0,1.1622575422780767e-05,1.0028928323281678e-05,1.0,0.0,10.0,32.430945796271835,2.0755805309613975,6.090499411436709e-05,,,,,,,
21685f481e464f7bbe3256a0e3ab757f,2025-12-11 20:56:58.092000+00:00,2025-12-11 20:57:00.590000+00:00,FINISHED,jacobi_N934_p48,weak_scaling_v2-LARGE,/Shared/LSM-PoissonMPI-ExamPrep,50,5,weak_scaling_v2-LARGE,custom,1,0.6666666666666666,0.0,2,48,1,hpc,jacobi,cubic,934,,,,,,,,,,,,20.378164963,1.880109851208798e-10,6.520489352000004,0.49231878799999235,0.9992444132093244,10.428407706305226,1.0,0.0,50.0,1986.3357899739465,127.12549055833257,1.880109851208798e-10,,,,,,,
8cf583e51a9b49f39fea2d40ff25850a,2025-12-11 20:56:57.119000+00:00,2025-12-11 20:56:57.831000+00:00,FINISHED,jacobi_N513_p1,weak_scaling_v2-LARGE,/Shared/LSM-PoissonMPI-ExamPrep,50,5,weak_scaling_v2-LARGE,numpy,1,0.6666666666666666,0.0,2,1,1,hpc,jacobi,sliced,513,,,,,,,,,,,,81.97480816100142,1.5371899248496741e-09,21.78236106224358,0.00011464706039987504,0.9974931142642636,10.472720618589547,1.0,0.0,50.0,81.3864856737043,5.208735083117075,1.5371899248496741e-09,,,,,,,
7c0d67e6c9ee4923803219da62ef2bb0,2025-12-11 20:56:01.504000+00:00,2025-12-11 20:56:03.286000+00:00,FINISHED,jacobi_N934_p48,weak_scaling_v2-LARGE,/Shared/LSM-PoissonMPI-ExamPrep,50,5,weak_scaling_v2-LARGE,custom,1,0.6666666666666666,0.0,2,48,1,hpc,jacobi,sliced,934,,,,,,,,,,,,21.759291716,1.8801098512087983e-10,8.303588993999998,0.5626564229999927,0.9992444132093244,10.262531834457208,1.0,0.0,50.0,1860.2571686759404,119.05645879526017,1.8801098512087983e-10,,,,,,,
2c42f7c13ba2495ea70684f2b4f27bfe,2025-12-11 20:55:19.253000+00:00,2025-12-11 20:55:19.950000+00:00,FINISHED,fmg_N513_p1,weak_scaling_v2-LARGE,/Shared/LSM-PoissonMPI-ExamPrep,50,5,weak_scaling_v2-LARGE,numpy,1,0.6666666666666666,0.0,2,1,1,hpc,fmg,sliced,513,,,,,,,,,,,,41.214903257990954,6.090499411436709e-05,14.351582774252165,0.0,1.1622575422780767e-05,1.0028928323281678e-05,1.0,0.0,10.0,32.37489850813355,2.0719935045205475,6.090499411436709e-05,,,,,,,
c1afdf4941594973b8f1fd2a611c7be6,2025-12-11 20:54:22.424000+00:00,2025-12-11 20:54:23.152000+00:00,FINISHED,jacobi_N513_p1,weak_scaling_v2-LARGE,/Shared/LSM-PoissonMPI-ExamPrep,50,5,weak_scaling_v2-LARGE,custom,1,0.6666666666666666,0.0,2,1,1,hpc,jacobi,cubic,513,,,,,,,,,,,,81.49783111602301,1.5371899248496741e-09,21.82464879186591,0.00011838594218716025,0.9974931142642636,10.472720618589547,1.0,0.0,50.0,81.8628110544688,5.239219907486003,1.5371899248496741e-09,,,,,,,
001b849d10b343c4ab72a70f159f2aed,2025-12-11 20:52:45.652000+00:00,2025-12-11 20:52:46.368000+00:00,FINISHED,fmg_N513_p1,weak_scaling_v2-LARGE,/Shared/LSM-PoissonMPI-ExamPrep,50,5,weak_scaling_v2-LARGE,custom,1,0.6666666666666666,0.0,2,1,1,hpc,fmg,cubic,513,,,,,,,,,,,,41.20585079700686,6.090499411436709e-05,14.365036381874233,0.0,1.1622575422780767e-05,1.0028928323281678e-05,1.0,0.0,10.0,32.38201090843449,2.0724486981398074,6.090499411436709e-05,,,,,,,
3b563cf84bad41ac9f9e54edc5695320,2025-12-11 20:51:48.812000+00:00,2025-12-11 20:51:49.497000+00:00,FINISHED,jacobi_N513_p1,weak_scaling_v2-LARGE,/Shared/LSM-PoissonMPI-ExamPrep,50,5,weak_scaling_v2-LARGE,custom,1,0.6666666666666666,0.0,2,1,1,hpc,jacobi,sliced,513,,,,,,,,,,,,82.00730299099814,1.5371899248496741e-09,21.63213587392238,0.00011393308523111045,0.9974931142642636,10.472720618589547,1.0,0.0,50.0,81.35423683830132,5.206671157651286,1.5371899248496741e-09,,,,,,,
bda6af8d1061412fb99ea599ee8483d0,2025-12-11 20:50:10.234000+00:00,2025-12-11 20:50:10.982000+00:00,FINISHED,fmg_N513_p1,weak_scaling_v2-LARGE,/Shared/LSM-PoissonMPI-ExamPrep,50,5,weak_scaling_v2-LARGE,custom,1,0.6666666666666666,0.0,2,1,1,hpc,fmg,sliced,513,,,,,,,,,,,,40.83651059499243,6.090499411436709e-05,14.339537284628022,0.0,1.1622575422780767e-05,1.0028928323281678e-05,1.0,0.0,10.0,32.674885551157296,2.091192675274067,6.090499411436709e-05,,,,,,,
bd04b4072c3643c89a11f138c8699fa5,2025-12-11 18:28:15.389000+00:00,2025-12-11 18:28:16.126000+00:00,FINISHED,jacobi_N10_p1,Exam-weak_scaling,/Shared/LSM-PoissonMPI-ExamPrep,100,3,Exam-weak_scaling,custom,1,0.8,0.0,1,1,1,local,jacobi,cubic,10,,,,,,,,,,,,0.002113171009114012,4.474556650092585e-12,0.0005176358390599489,2.6913126930594444e-05,0.04162490874047602,1.2498967187063927e-08,1.0,0.0,100.0,24.228990355809675,1.5506553827718192,4.474556650092585e-12,,,,,,,
9d44ce83cc5542fb8a798d570489e4ec,2025-12-11 18:26:09.925000+00:00,2025-12-11 18:26:11.928000+00:00,FINISHED,jacobi_N17_p2,Exam-weak_scaling,/Shared/LSM-PoissonMPI-ExamPrep,100,3,Exam-weak_scaling,custom,1,0.8,0.0,1,2,1,local,jacobi,cubic,17,,,,,,,,,,,,0.004887999999999781,8.225819789053761e-07,0.0016329999999986633,0.0014220000000009225,0.011058664212497729,0.021558185571098943,1.0,0.0,100.0,69.04664484452027,4.418985270049298,8.225819789053761e-07,,,,,,,
7afc71a55e4f4837b9c7766e3869f1c1,2025-12-11 18:26:04.567000+00:00,2025-12-11 18:26:05.703000+00:00,FINISHED,jacobi_N10_p1,Exam-weak_scaling,/Shared/LSM-PoissonMPI-ExamPrep,100,3,Exam-weak_scaling,custom,1,0.8,0.0,1,1,1,local,jacobi,cubic,10,,,,,,,,,,,,0.001502166996942833,4.474556650092585e-12,0.0009303328988607973,1.0043964721262455e-05,0.04162490874047602,1.2498967187063927e-08,1.0,0.0,100.0,34.08409324941952,2.181381967962849,4.474556650092585e-12,,,,,,,
69ab088e4c414fcea0b0bc505817887b,2025-12-11 18:19:47.880000+00:00,2025-12-11 18:19:50.183000+00:00,FINISHED,jacobi_N17_p2,Exam-weak_scaling,/Shared/LSM-PoissonMPI-ExamPrep,100,3,Exam-weak_scaling,custom,1,0.8,0.0,1,2,1,local,jacobi,cubic,17,,,,,,,,,,,,0.004031000000000118,8.225819789053761e-07,0.0017130000000005197,0.0006759999999998989,0.011058664212497729,0.021558185571098943,1.0,0.0,100.0,83.72612255023323,5.358471843214926,8.225819789053761e-07,,,,,,,
373f8f8ac11c4d16aebc47c82b75d73d,2025-12-11 18:19:42.756000+00:00,2025-12-11 18:19:43.860000+00:00,FINISHED,jacobi_N10_p1,Exam-weak_scaling,/Shared/LSM-PoissonMPI-ExamPrep,100,3,Exam-weak_scaling,custom,1,0.8,0.0,1,1,1,local,jacobi,cubic,10,,,,,,,,,,,,0.001888041995698586,4.474556650092585e-12,0.0010557889909250662,1.1673939297907054e-05,0.04162490874047602,1.2498967187063927e-08,1.0,0.0,100.0,27.118040868077042,1.7355546155569308,4.474556650092585e-12,,,,,,,
b08b078993874749b59b5c66a805b3c9,2025-12-11 18:16:39.385000+00:00,2025-12-11 18:16:41.801000+00:00,FINISHED,jacobi_N10_p2,Exam-weak_scaling,/Shared/LSM-PoissonMPI-ExamPrep,100,3,Exam-weak_scaling,custom,1,0.8,0.0,1,2,1,local,jacobi,cubic,10,,,,,,,,,,,,0.004476999999999842,4.474556650092585e-12,0.001606999999999248,0.0014220000000000343,0.04162490874047602,1.2777090130802874e-08,1.0,0.0,100.0,11.436229618048202,0.7319186955550849,4.474556650092585e-12,,,,,,,
d9e12fc6a7c14695947c6ddc3eb2fcff,2025-12-11 17:56:29.411000+00:00,2025-12-11 17:56:30.129000+00:00,FINISHED,jacobi_N5_p1,Exam-weak_scaling,/Shared/LSM-PoissonMPI-ExamPrep,10,3,Exam-weak_scaling,custom,1,0.8,0.0,1,1,1,local,jacobi,cubic,5,,,,,,,,,,,,0.0003958040033467114,5.293597733196891e-08,6.202197982929647e-05,4.442059434950352e-06,0.23370042380523334,1.6503804418963163e-06,1.0,0.0,10.0,0.6821558087260902,0.04365797175846977,5.293597733196891e-08,,,,,,,
222a632091434530b23add9610405711,2025-12-11 17:53:04.546000+00:00,2025-12-11 17:53:05.955000+00:00,FINISHED,jacobi_N5_p1,Exam-weak_scaling,/Shared/LSM-PoissonMPI-ExamPrep,10,3,Exam-weak_scaling,custom,1,0.8,0.0,1,1,1,local,jacobi,cubic,5,,,,,,,,,,,,0.0006661249935859814,5.293597733196891e-08,0.0004543310060398653,2.5420013116672635e-06,0.23370042380523334,1.6503804418963163e-06,1.0,0.0,10.0,0.4053293339835464,0.025941077374946973,5.293597733196891e-08,,,,,,,
4a79dd9bae644128a13da444c9420cce,2025-12-11 17:52:02.478000+00:00,2025-12-11 17:52:03.797000+00:00,FINISHED,jacobi_N5_p1,Exam-weak_scaling,/Shared/LSM-PoissonMPI-ExamPrep,10,3,Exam-weak_scaling,custom,1,0.8,0.0,1,1,1,local,jacobi,cubic,5,,,,,,,,,,,,0.0005635830020764843,5.293597733196891e-08,0.0004027079703519121,2.4159817257896066e-06,0.23370042380523334,1.6503804418963163e-06,1.0,0.0,10.0,0.47907761413173017,0.030660967304430728,5.293597733196891e-08,,,,,,,
186e8caa395544d29576fbedbb42af1f,2025-12-11 17:50:17.583000+00:00,2025-12-11 17:50:19.958000+00:00,FINISHED,jacobi_N30_p4,Exam-weak_scaling,/Shared/LSM-PoissonMPI-ExamPrep,100,3,Exam-weak_scaling,custom,1,0.8,0.0,1,4,1,local,jacobi,cubic,30,,,,,,,,,,,,0.026839999999999975,7.284905919854639e-06,0.02013700000000118,0.001613999999998672,0.1480364319491231,1.6718412825952567,1.0,0.0,100.0,81.78837555886744,5.234456035767516,7.284905919854639e-06,,,,,,,
725a95bb4d5442a7b6a07e503ff71e24,2025-12-02 00:31:14.690000+00:00,2025-12-02 00:31:17.667000+00:00,FINISHED,N513_p1_cubic_custom,06-scaling-strong_cubic,/Shared/LSM-PoissonMPI,300,,,custom,True,0.8,0.0,,,,,,,513,,,1,,,,,1,none,,,552.039898299,1.8161620691688491e-09,550.0676963550001,0.0037569439997630185,0.9820899934571009,,,0.0,300.0,72.51260175821338,,,,,1.0251000048810965e-05,1.8319754890000013,,,
c444dc05ae2345a2b6f9805093b3adef,2025-12-02 00:31:10.444000+00:00,2025-12-02 00:31:13.318000+00:00,FINISHED,N513_p1_cubic_numpy,06-scaling-strong_cubic,/Shared/LSM-PoissonMPI,300,,,numpy,True,0.8,0.0,,,,,,,513,,,1,,,,,1,none,,,549.577065062,1.8161620691688491e-09,547.6107049740001,0.001680161999923564,0.9820899934571009,,,0.0,300.0,72.83755426635949,,,,,4.98199995035975e-06,1.825242342000024,,,
a632c38d40a1450f94784481bc955c1c,2025-12-02 00:24:25.747000+00:00,2025-12-02 00:24:28.633000+00:00,FINISHED,N513_p64_cubic_custom,06-scaling-strong_cubic,/Shared/LSM-PoissonMPI,300,,,custom,True,0.8,0.0,,,,,,,513,,,1,,,,,64,cubic,,,13.359272542,1.8161620691688491e-09,10.330382693999997,1.124812656999992,0.9820899934571008,,,0.0,300.0,2996.409360925216,,,,,0.001647222000000781,0.0347057520000007,,,
caa3fdba264649b883d05fbf43887ea1,2025-12-02 00:23:44.999000+00:00,2025-12-02 00:23:47.861000+00:00,FINISHED,N513_p64_cubic_numpy,06-scaling-strong_cubic,/Shared/LSM-PoissonMPI,300,,,numpy,True,0.8,0.0,,,,,,,513,,,1,,,,,64,cubic,,,12.409712846,1.8161620691688491e-09,10.155293391000008,0.6688987429999959,0.9820899934571008,,,0.0,300.0,3225.6869918551542,,,,,0.001861925000000042,0.033630006999999296,,,
cc15f7b0230d4cb9bdeaead10b9fdd70,2025-12-02 00:23:02.256000+00:00,2025-12-02 00:23:05.209000+00:00,FINISHED,N513_p8_cubic_numpy,06-scaling-strong_cubic,/Shared/LSM-PoissonMPI,300,,,numpy,True,0.8,0.0,,,,,,,513,,,1,,,,,8,cubic,,,77.592758081,1.8161620691688491e-09,74.19628829200006,1.9436262220000102,0.9820899934571008,,,0.0,300.0,515.8967188434308,,,,,0.0056717730000031,0.24699322899999743,,,
bfdf68705cab4846894a58297391dd38,2025-12-02 00:23:01.057000+00:00,2025-12-02 00:23:04.218000+00:00,FINISHED,N513_p8_cubic_custom,06-scaling-strong_cubic,/Shared/LSM-PoissonMPI,300,,,custom,True,0.8,0.0,,,,,,,513,,,1,,,,,8,cubic,,,77.06358874,1.8161620691688491e-09,74.73581327899993,0.8717865549999299,0.9820899934571008,,,0.0,300.0,519.4392053950952,,,,,0.0028904759999903717,0.24893334499999753,,,
106d120cae6a4a1fb906ee3642ac18cb,2025-12-02 00:23:07.188000+00:00,2025-12-02 00:23:10.109000+00:00,FINISHED,N513_p1_sliced_numpy,06-scaling-strong_sliced,/Shared/LSM-PoissonMPI,300,,,numpy,True,0.8,0.0,,,,,,,513,,,1,,,,,1,none,,,548.553875475,1.8161620691688491e-09,546.5835333590004,0.0016679770003113353,0.9820899934571009,,,0.0,300.0,72.97341444418313,,,,,4.8840000772543135e-06,1.8211383130000058,,,
ebcc129fd3ab4cd4b6007f5a66f05e4b,2025-12-02 00:22:37.843000+00:00,2025-12-02 00:22:40.716000+00:00,FINISHED,N513_p1_sliced_custom,06-scaling-strong_sliced,/Shared/LSM-PoissonMPI,300,,,custom,True,0.8,0.0,,,,,,,513,,,1,,,,,1,none,,,518.792229088,1.8161620691688491e-09,516.8939924510001,0.0033674110004204443,0.9820899934571009,,,0.0,300.0,77.15969333305097,,,,,9.902999977384752e-06,1.7230916100000968,,,
668c4397d5f1423e80328bfdcafd376b,2025-12-02 00:21:23.698000+00:00,2025-12-02 00:21:26.568000+00:00,FINISHED,N513_p64_sliced_custom,06-scaling-strong_sliced,/Shared/LSM-PoissonMPI,300,,,custom,True,0.8,0.0,,,,,,,513,,,1,,,,,64,sliced,,,14.811484301,1.8161620691688491e-09,11.474825919999985,0.6483502289999871,0.9820899934571009,,,0.0,300.0,2702.622403434433,,,,,0.001890352000000206,0.038155158000000355,,,
9ce42c8cd09f486c88db039fd19b8215,2025-12-02 00:20:41.865000+00:00,2025-12-02 00:20:44.755000+00:00,FINISHED,N513_p64_sliced_numpy,06-scaling-strong_sliced,/Shared/LSM-PoissonMPI,300,,,numpy,True,0.8,0.0,,,,,,,513,,,1,,,,,64,sliced,,,15.143829122,1.8161620691688491e-09,11.418463668999989,1.1501888939999865,0.9820899934571009,,,0.0,300.0,2643.310947153198,,,,,0.0038284009999998148,0.037829978999999625,,,
8de12a50745c4e819476a12f2ad06de0,2025-12-02 00:19:59.244000+00:00,2025-12-02 00:20:02.233000+00:00,FINISHED,N513_p32_sliced_custom,06-scaling-strong_sliced,/Shared/LSM-PoissonMPI,300,,,custom,True,0.8,0.0,,,,,,,513,,,1,,,,,32,sliced,,,24.910736731,1.8161620691688491e-09,22.718896396,0.6426307110000058,0.9820899934571009,,,0.0,300.0,1606.9315706020498,,,,,0.0021350750000017626,0.07573420900000016,,,
c10f2d1d17e4478fa8331738d4336f65,2025-12-02 00:19:26.833000+00:00,2025-12-02 00:19:29.549000+00:00,FINISHED,N513_p32_sliced_numpy,06-scaling-strong_sliced,/Shared/LSM-PoissonMPI,300,,,numpy,True,0.8,0.0,,,,,,,513,,,1,,,,,32,sliced,,,27.023943794,1.8161620691688491e-09,22.570045291000017,1.1804316040000014,0.9820899934571009,,,0.0,300.0,1481.2734072103733,,,,,0.0038868539999974416,0.07507470599999877,,,
e416627ce3354e17b9a7cf4c5c0c0687,2025-12-02 00:19:12.668000+00:00,2025-12-02 00:19:15.699000+00:00,FINISHED,N513_p16_sliced_custom,06-scaling-strong_sliced,/Shared/LSM-PoissonMPI,300,,,custom,True,0.8,0.0,,,,,,,513,,,1,,,,,16,sliced,,,50.993646436,1.8161620691688491e-09,48.80524268200008,0.7820785329999926,0.9820899934571009,,,0.0,300.0,784.9968005374905,,,,,0.0035107379999956834,0.1618046910000004,,,
245aabb3b8ee4934bd95aab0409c64b2,2025-12-02 00:19:11.810000+00:00,2025-12-02 00:19:14.760000+00:00,FINISHED,N513_p16_sliced_numpy,06-scaling-strong_sliced,/Shared/LSM-PoissonMPI,300,,,numpy,True,0.8,0.0,,,,,,,513,,,1,,,,,16,sliced,,,52.095920972,1.8161620691688491e-09,49.346214264000025,1.2309772039999962,0.9820899934571009,,,0.0,300.0,768.3874006472569,,,,,0.0038935930000008057,0.16438742199999723,,,
1f245dedd7a040d1ad9b4ddccf93d96b,2025-12-02 00:18:38.287000+00:00,2025-12-02 00:18:41.161000+00:00,FINISHED,N513_p2_sliced_numpy,06-scaling-strong_sliced,/Shared/LSM-PoissonMPI,300,,,numpy,True,0.8,0.0,,,,,,,513,,,1,,,,,2,sliced,,,280.497675754,1.8161620691688491e-09,277.335873894,1.5334942270000547,0.9820899934571009,,,0.0,300.0,142.71009266795735,,,,,0.005157183999983772,0.9252656980000324,,,
0cae03a0d98d4b459b1bc48f2aea5530,2025-12-02 00:18:33.191000+00:00,2025-12-02 00:18:36.019000+00:00,FINISHED,N513_p2_sliced_custom,06-scaling-strong_sliced,/Shared/LSM-PoissonMPI,300,,,custom,True,0.8,0.0,,,,,,,513,,,1,,,,,2,sliced,,,276.663546477,1.8161620691688491e-09,274.5326825150002,0.505541294000109,0.9820899934571009,,,0.0,300.0,144.68783404873986,,,,,0.0016473900000164576,0.9134838960000025,,,
ea494ee83ad84cae89390303273fb686,2025-12-02 00:17:59.845000+00:00,2025-12-02 00:18:02.867000+00:00,FINISHED,N513_p8_sliced_custom,06-scaling-strong_sliced,/Shared/LSM-PoissonMPI,300,,,custom,True,0.8,0.0,,,,,,,513,,,1,,,,,8,sliced,,,80.4667449,1.8161620691688491e-09,78.53578105699994,0.5666404679999435,0.9820899934571009,,,0.0,300.0,497.47071724781557,,,,,0.0018302129999909766,0.26127527999999245,,,
c403a09968b04abda4c02cf9c27d5ff6,2025-12-02 00:17:58.684000+00:00,2025-12-02 00:18:01.728000+00:00,FINISHED,N513_p8_sliced_numpy,06-scaling-strong_sliced,/Shared/LSM-PoissonMPI,300,,,numpy,True,0.8,0.0,,,,,,,513,,,1,,,,,8,sliced,,,81.175331198,1.8161620691688491e-09,77.89004160799998,1.9221754940000035,0.9820899934571009,,,0.0,300.0,493.1282534882501,,,,,0.006813472999994019,0.25853063899999995,,,
af09c33f45a641f490a64119a74024c0,2025-12-02 00:16:18.502000+00:00,2025-12-02 00:16:21.460000+00:00,FINISHED,N513_p4_sliced_numpy,06-scaling-strong_sliced,/Shared/LSM-PoissonMPI,300,,,numpy,True,0.8,0.0,,,,,,,513,,,1,,,,,4,sliced,,,146.715231512,1.8161620691688491e-09,143.56184822399996,1.6983752650000443,0.9820899934571009,,,0.0,300.0,272.84044667663505,,,,,0.004829282000002877,0.47852956299999505,,,
c5378e764af84d5ab2b97e8c02d0c0a7,2025-12-02 00:16:17.253000+00:00,2025-12-02 00:16:20.138000+00:00,FINISHED,N513_p4_sliced_custom,06-scaling-strong_sliced,/Shared/LSM-PoissonMPI,300,,,custom,True,0.8,0.0,,,,,,,513,,,1,,,,,4,sliced,,,144.67287792,1.8161620691688491e-09,142.22863771500013,0.9946575139999388,0.9820899934571009,,,0.0,300.0,276.6921476611212,,,,,0.002108747999983507,0.4735101580000105,,,
405209d5bdbe4b14b194402deef634ef,2025-12-02 00:28:05.391000+00:00,2025-12-02 00:28:08.284000+00:00,FINISHED,N513_p64_cubic_custom,06-scaling-weak_cubic,/Shared/LSM-PoissonMPI,300,,,custom,True,0.8,0.0,,,,,,,513,,,1,,,,,64,cubic,,,13.641759606,1.8161620691688491e-09,9.998567803000002,2.0639461760000013,0.9820899934571008,,,0.0,300.0,2934.361142267441,,,,,0.008844639000001209,0.032551139999998924,,,
f5c6572f86254406bbafca6fc677a43a,2025-12-02 00:27:24.827000+00:00,2025-12-02 00:27:27.754000+00:00,FINISHED,N513_p64_cubic_numpy,06-scaling-weak_cubic,/Shared/LSM-PoissonMPI,300,,,numpy,True,0.8,0.0,,,,,,,513,,,1,,,,,64,cubic,,,12.456994165,1.8161620691688491e-09,10.314901031000012,0.5138933960000085,0.9820899934571008,,,0.0,300.0,3213.443690330251,,,,,0.0018680609999996989,0.03410994400000078,,,
49935e3c29ab40b6bacb3fea038449ca,2025-12-02 00:26:46.972000+00:00,2025-12-02 00:26:49.781000+00:00,FINISHED,N257_p8_cubic_numpy,06-scaling-weak_cubic,/Shared/LSM-PoissonMPI,300,,,numpy,True,0.8,0.0,,,,,,,257,,,1,,,,,8,cubic,,,8.369470143,1.9581355449338077e-08,7.6428770329999995,0.515945280999996,0.930255512424109,,,0.0,300.0,594.352141175922,,,,,0.002110379999999523,0.02609960499999886,,,
5f0012ca5e68485e985be9cc6a8e7e59,2025-12-02 00:26:45.550000+00:00,2025-12-02 00:26:48.283000+00:00,FINISHED,N257_p8_cubic_custom,06-scaling-weak_cubic,/Shared/LSM-PoissonMPI,300,,,custom,True,0.8,0.0,,,,,,,257,,,1,,,,,8,cubic,,,8.291082902,1.9581355449338077e-08,7.7813983890000005,0.30315040399999327,0.930255512424109,,,0.0,300.0,599.9713859814449,,,,,0.0008963509999997399,0.025685069999999754,,,
113ddab3c52545d5b56cc26eba1b40e8,2025-12-02 00:26:42.746000+00:00,2025-12-02 00:26:45.557000+00:00,FINISHED,N129_p1_cubic_custom,06-scaling-weak_cubic,/Shared/LSM-PoissonMPI,300,,,custom,True,0.8,0.0,,,,,,,129,,,1,,,,,1,none,,,6.465883362,1.8057862638527403e-07,6.419125759000002,0.0024881799999988984,0.7487895969945186,,,0.0,300.0,95.0395894258632,,,,,8.571999999595903e-06,0.02144534799999942,,,
d75c78dfe94743cc93eff59eaf9958ed,2025-12-02 00:26:41.649000+00:00,2025-12-02 00:26:44.713000+00:00,FINISHED,N129_p1_cubic_numpy,06-scaling-weak_cubic,/Shared/LSM-PoissonMPI,300,,,numpy,True,0.8,0.0,,,,,,,129,,,1,,,,,1,none,,,6.024142587,1.8057862638527403e-07,5.9816132459999976,0.0008302290000040559,0.7487895969945186,,,0.0,300.0,102.0086910502605,,,,,2.1979999997867594e-06,0.019926737000000472,,,
6b919484bcba44f69b545c08683a0a6f,2025-12-02 00:26:18.939000+00:00,2025-12-02 00:26:21.880000+00:00,FINISHED,N513_p64_sliced_custom,06-scaling-weak_sliced,/Shared/LSM-PoissonMPI,300,,,custom,True,0.8,0.0,,,,,,,513,,,1,,,,,64,sliced,,,13.981786379,1.8161620691688491e-09,11.571882451999997,0.622570806999988,0.9820899934571009,,,0.0,300.0,2862.99963501967,,,,,0.001840099999999012,0.0385911580000009,,,
514bdaff42b5462983b73bfd931709d1,2025-12-02 00:25:37.972000+00:00,2025-12-02 00:25:40.993000+00:00,FINISHED,N513_p64_sliced_numpy,06-scaling-weak_sliced,/Shared/LSM-PoissonMPI,300,,,numpy,True,0.8,0.0,,,,,,,513,,,1,,,,,64,sliced,,,14.421348719000001,1.8161620691688491e-09,11.39180791100001,1.098791311000007,0.9820899934571009,,,0.0,300.0,2775.7354793911213,,,,,0.0035642710000001188,0.037453978000000276,,,
b508f62313fd4344b01cbaaeaf85203b,2025-12-02 00:24:53.080000+00:00,2025-12-02 00:24:55.997000+00:00,FINISHED,N257_p8_sliced_numpy,06-scaling-weak_sliced,/Shared/LSM-PoissonMPI,300,,,numpy,True,0.8,0.0,,,,,,,257,,,1,,,,,8,sliced,,,8.323081681,1.9581355449338077e-08,7.863011915000004,0.23285781099999459,0.9302555124241089,,,0.0,300.0,597.6647461427215,,,,,0.0006885420000006803,0.026246637999999933,,,
33fe711ea02e46d3af21235110fd94ec,2025-12-02 00:24:51.577000+00:00,2025-12-02 00:24:54.407000+00:00,FINISHED,N257_p8_sliced_custom,06-scaling-weak_sliced,/Shared/LSM-PoissonMPI,300,,,custom,True,0.8,0.0,,,,,,,257,,,1,,,,,8,sliced,,,8.218152971,1.9581355449338077e-08,7.838016405999996,0.1686107669999914,0.9302555124241089,,,0.0,300.0,605.2956811042061,,,,,0.0004087139999988665,0.026103766999998612,,,
e59a2f7f591b4c23a26c3576076b12b1,2025-12-02 00:24:48.998000+00:00,2025-12-02 00:24:51.819000+00:00,FINISHED,N129_p1_sliced_numpy,06-scaling-weak_sliced,/Shared/LSM-PoissonMPI,300,,,numpy,True,0.8,0.0,,,,,,,129,,,1,,,,,1,none,,,6.493355709,1.8057862638527403e-07,6.447445364,0.0009787360000008134,0.7487895969945186,,,0.0,300.0,94.63749215960287,,,,,3.419000000448591e-06,0.02141849000000029,,,
7093c2708d11465fa8b342de0a6c3604,2025-12-02 00:24:47.969000+00:00,2025-12-02 00:24:50.768000+00:00,FINISHED,N129_p1_sliced_custom,06-scaling-weak_sliced,/Shared/LSM-PoissonMPI,300,,,custom,True,0.8,0.0,,,,,,,129,,,1,,,,,1,none,,,6.036196707,1.8057862638527403e-07,5.990937874999999,0.0022193430000032174,0.7487895969945186,,,0.0,300.0,101.80498247967384,,,,,7.070000000553023e-06,0.01995698300000015,,,
d00bf7d49f8a4264a5b73df9b8f34623,2025-12-02 00:34:12.756000+00:00,2025-12-02 00:34:15.270000+00:00,FINISHED,FMG_N513_p1_cubic,06-scaling-FMG_strong_cubic,/Shared/LSM-PoissonMPI,,3,,numpy,,0.6666666666666666,,,1,,,,cubic,513,,,,,,,,,,1,9,106.961410906,,96.40450004399995,0.0012671309999571223,1.2224733699204494e-05,,,0.0,10.0,12.474857041411285,,,,,,,,,0.00041735799998976475
8c216ac9235f4f7a99e8f6f055060622,2025-12-02 00:34:12.637000+00:00,2025-12-02 00:34:15.031000+00:00,FINISHED,FMG_N513_p1_cubic,06-scaling-FMG_strong_cubic,/Shared/LSM-PoissonMPI,,3,,custom,,0.6666666666666666,,,1,,,,cubic,513,,,,,,,,,,1,9,106.961544852,,96.23997851099998,0.00269274400015862,1.2224733699204494e-05,,,0.0,10.0,12.47484141937438,,,,,,,,,0.0003893179999936436
0eb42c8b15c64dceaa0e485032bd147b,2025-12-02 00:33:56.414000+00:00,2025-12-02 00:33:58.875000+00:00,FINISHED,FMG_N513_p64_cubic,06-scaling-FMG_strong_cubic,/Shared/LSM-PoissonMPI,,3,,custom,,0.6666666666666666,,,64,,,,cubic,513,,,,,,,,,,1,5,6.689466558,,5.546259756000006,0.8639030879999956,0.00641776707607876,,,0.0,6.0,119.6802434182974,,,,,,,,,0.045311309999999216
df4866c5b561437184a72ad4a1188b54,2025-12-02 00:33:26.938000+00:00,2025-12-02 00:33:29.429000+00:00,FINISHED,FMG_N513_p64_cubic,06-scaling-FMG_strong_cubic,/Shared/LSM-PoissonMPI,,3,,numpy,,0.6666666666666666,,,64,,,,cubic,513,,,,,,,,,,1,5,6.702919802,,6.090939175000009,0.3530833240000055,0.00641776707607876,,,0.0,6.0,119.44003652872587,,,,,,,,,0.018533629000000384
affddbe67b00473cbb36baccfb6a4d89,2025-12-02 00:32:57.120000+00:00,2025-12-02 00:32:59.447000+00:00,FINISHED,FMG_N513_p8_cubic,06-scaling-FMG_strong_cubic,/Shared/LSM-PoissonMPI,,3,,custom,,0.6666666666666666,,,8,,,,cubic,513,,,,,,,,,,1,6,18.805013906,,17.04556625499999,0.21636185299996236,4.828120300618054e-05,,,0.0,7.0,49.66919044404349,,,,,,,,,0.002171617999997988
3fadc24a5e01451ca7c0f2ec86aa3266,2025-12-02 00:32:56.334000+00:00,2025-12-02 00:32:58.736000+00:00,FINISHED,FMG_N513_p8_cubic,06-scaling-FMG_strong_cubic,/Shared/LSM-PoissonMPI,,3,,numpy,,0.6666666666666666,,,8,,,,cubic,513,,,,,,,,,,1,6,18.710595869,,16.939928180999992,0.24158135000000075,4.828120300618054e-05,,,0.0,7.0,49.919832780286534,,,,,,,,,0.0003513159999946336
c228e174890c41289ec5cd9cddf5c44e,2025-12-02 00:32:20.644000+00:00,2025-12-02 00:32:22.974000+00:00,FINISHED,FMG_N513_p64_sliced,06-scaling-FMG_strong_sliced,/Shared/LSM-PoissonMPI,,3,,custom,,0.6666666666666666,,,64,,,,sliced,513,,,,,,,,,,1,3,7.190807521,,6.6051086680000015,0.2857041269999952,0.6301190617130416,,,0.0,4.0,74.22411494693657,,,,,,,,,0.02764822200000061
96e9deafd5b04272b7794fbbc1df5ce6,2025-12-02 00:31:50.474000+00:00,2025-12-02 00:31:52.911000+00:00,FINISHED,FMG_N513_p64_sliced,06-scaling-FMG_strong_sliced,/Shared/LSM-PoissonMPI,,3,,numpy,,0.6666666666666666,,,64,,,,sliced,513,,,,,,,,,,1,3,7.31777524,,6.436301384999999,0.4874284449999968,0.6301190617130416,,,0.0,4.0,72.93628274923624,,,,,,,,,0.13623645000000018
7b971644ec7c4b9bba00f500b96414b5,2025-12-02 00:31:30.151000+00:00,2025-12-02 00:31:32.519000+00:00,FINISHED,FMG_N513_p32_sliced,06-scaling-FMG_strong_sliced,/Shared/LSM-PoissonMPI,,3,,custom,,0.6666666666666666,,,32,,,,sliced,513,,,,,,,,,,1,4,8.920239632,,8.230566185999997,0.17311006900000359,0.1462271978872505,,,0.0,5.0,74.79217852025526,,,,,,,,,0.007592508000002773
7742cf769918457db4ec72d186589d86,2025-12-02 00:31:19.991000+00:00,2025-12-02 00:31:22.470000+00:00,FINISHED,FMG_N513_p32_sliced,06-scaling-FMG_strong_sliced,/Shared/LSM-PoissonMPI,,3,,numpy,,0.6666666666666666,,,32,,,,sliced,513,,,,,,,,,,1,4,8.999648115,,8.206948299999993,0.28424437200000974,0.1462271978872505,,,0.0,5.0,74.13224900293783,,,,,,,,,0.0025996619999989756
a5397f8763bc456fa644772e8ac98070,2025-12-02 00:31:02.264000+00:00,2025-12-02 00:31:04.711000+00:00,FINISHED,FMG_N513_p16_sliced,06-scaling-FMG_strong_sliced,/Shared/LSM-PoissonMPI,,3,,numpy,,0.6666666666666666,,,16,,,,sliced,513,,,,,,,,,,1,5,13.599490645,,12.343392431000009,0.24602519399999712,0.0017917104972579089,,,0.0,6.0,58.86963026033245,,,,,,,,,0.0037627419999973766
bf834cb65e64424297fd92c0dc6584cb,2025-12-02 00:31:00.819000+00:00,2025-12-02 00:31:03.258000+00:00,FINISHED,FMG_N513_p16_sliced,06-scaling-FMG_strong_sliced,/Shared/LSM-PoissonMPI,,3,,custom,,0.6666666666666666,,,16,,,,sliced,513,,,,,,,,,,1,5,13.516535417,,12.303115118000001,0.21767303800000104,0.0017917104972579089,,,0.0,6.0,59.23093169223485,,,,,,,,,0.005726318999999647
068f18c659da48d3929d4cc747359421,2025-12-02 00:30:52.808000+00:00,2025-12-02 00:30:55.185000+00:00,FINISHED,FMG_N513_p8_sliced,06-scaling-FMG_strong_sliced,/Shared/LSM-PoissonMPI,,3,,custom,,0.6666666666666666,,,8,,,,sliced,513,,,,,,,,,,1,6,18.424771645,,16.768262812,0.1265374430000048,4.828043002763187e-05,,,0.0,7.0,50.69424115513916,,,,,,,,,0.002527165000004966
a50ce957a2d6428a9ff1a266c44a3e45,2025-12-02 00:30:43.038000+00:00,2025-12-02 00:30:45.732000+00:00,FINISHED,FMG_N513_p8_sliced,06-scaling-FMG_strong_sliced,/Shared/LSM-PoissonMPI,,3,,numpy,,0.6666666666666666,,,8,,,,sliced,513,,,,,,,,,,1,6,17.514022384,,15.849394319000018,0.2219842850000065,4.828043002763187e-05,,,0.0,7.0,53.33039986595463,,,,,,,,,0.0018686690000032091
e8b03366bf0046fa921b1b265cc8775a,2025-12-02 00:30:29.310000+00:00,2025-12-02 00:30:31.567000+00:00,FINISHED,FMG_N513_p1_sliced,06-scaling-FMG_strong_sliced,/Shared/LSM-PoissonMPI,,3,,numpy,,0.6666666666666666,,,1,,,,sliced,513,,,,,,,,,,1,9,107.042511211,,96.3104971549999,0.001146821000126863,1.2224733699204494e-05,,,0.0,10.0,12.46540551883914,,,,,,,,,0.0004122969999794668
a1b3ca85ec42427e9cba8229cc9844bc,2025-12-02 00:30:29.086000+00:00,2025-12-02 00:30:31.439000+00:00,FINISHED,FMG_N513_p1_sliced,06-scaling-FMG_strong_sliced,/Shared/LSM-PoissonMPI,,3,,custom,,0.6666666666666666,,,1,,,,sliced,513,,,,,,,,,,1,9,106.492798451,,95.79925376500009,0.0026436259999631506,1.2224733699204494e-05,,,0.0,10.0,12.529751583286242,,,,,,,,,0.00037562999998885793
4bfc10aca5454513b6235b9562ba2b15,2025-12-02 00:30:17.509000+00:00,2025-12-02 00:30:19.842000+00:00,FINISHED,FMG_N513_p4_sliced,06-scaling-FMG_strong_sliced,/Shared/LSM-PoissonMPI,,3,,custom,,0.6666666666666666,,,4,,,,sliced,513,,,,,,,,,,1,7,30.510880769,,27.51583412500004,0.20845758400000086,6.128887007699068e-06,,,0.0,8.0,34.98629410543189,,,,,,,,,0.008450616999994692
74e1efe4bd4a47418925ebebdb544602,2025-12-02 00:30:09.483000+00:00,2025-12-02 00:30:11.874000+00:00,FINISHED,FMG_N513_p4_sliced,06-scaling-FMG_strong_sliced,/Shared/LSM-PoissonMPI,,3,,numpy,,0.6666666666666666,,,4,,,,sliced,513,,,,,,,,,,1,7,28.964533984,,26.050269982000014,0.2482324930000083,6.128887007699068e-06,,,0.0,8.0,36.854128175846576,,,,,,,,,0.007893856999994897
c6cfecdab87b4bbeb4be8ae79137b4ab,2025-12-02 00:29:27.140000+00:00,2025-12-02 00:29:29.502000+00:00,FINISHED,FMG_N513_p2_sliced,06-scaling-FMG_strong_sliced,/Shared/LSM-PoissonMPI,,3,,custom,,0.6666666666666666,,,2,,,,sliced,513,,,,,,,,,,1,8,55.598592067,,50.063705229000014,0.1566662809999836,1.2186222892051087e-05,,,0.0,9.0,21.599386501601355,,,,,,,,,0.005074790999994694
5568081031774023b74e635690668657,2025-12-02 00:29:22.775000+00:00,2025-12-02 00:29:25.209000+00:00,FINISHED,FMG_N513_p2_sliced,06-scaling-FMG_strong_sliced,/Shared/LSM-PoissonMPI,,3,,numpy,,0.6666666666666666,,,2,,,,sliced,513,,,,,,,,,,1,8,52.743959683,,47.49075979900009,0.16266520099991993,1.2186222892051087e-05,,,0.0,9.0,22.768398243468678,,,,,,,,,0.000452367999990988
48c9caaf89aa47259b1af8730e367b24,2025-12-02 00:36:16.588000+00:00,2025-12-02 00:36:19.721000+00:00,FINISHED,FMG_N513_p64_cubic,06-scaling-FMG_weak_cubic,/Shared/LSM-PoissonMPI,,3,,custom,,0.6666666666666666,,,64,,,,cubic,513,,,,,,,,,,1,5,6.800334451,,6.1163535639999935,0.4142290789999967,0.00641776707607876,,,0.0,6.0,117.72906049970393,,,,,,,,,0.02496394000000063
8bfd0006600f4b999a653993b864dc64,2025-12-02 00:35:45.843000+00:00,2025-12-02 00:35:49.224000+00:00,FINISHED,FMG_N513_p64_cubic,06-scaling-FMG_weak_cubic,/Shared/LSM-PoissonMPI,,3,,numpy,,0.6666666666666666,,,64,,,,cubic,513,,,,,,,,,,1,5,6.600664267,,6.12557305599999,0.23004606800000088,0.00641776707607876,,,0.0,6.0,121.29036618368579,,,,,,,,,0.0041185010000003575
a8d80c818e2c44d5a27725821d25102c,2025-12-02 00:35:24.757000+00:00,2025-12-02 00:35:27.530000+00:00,FINISHED,FMG_N257_p8_cubic,06-scaling-FMG_weak_cubic,/Shared/LSM-PoissonMPI,,3,,custom,,0.6666666666666666,,,8,,,,cubic,257,,,,,,,,,,1,5,5.846137746,,5.505823524999997,0.13567370699999684,0.00011997384514958488,,,0.0,6.0,17.01777384018553,,,,,,,,,0.003738862999999218
d6e67c2cbed8462996ae2471c0c8924c,2025-12-02 00:35:21.910000+00:00,2025-12-02 00:35:24.184000+00:00,FINISHED,FMG_N257_p8_cubic,06-scaling-FMG_weak_cubic,/Shared/LSM-PoissonMPI,,3,,numpy,,0.6666666666666666,,,8,,,,cubic,257,,,,,,,,,,1,5,5.333764668,,5.032305445000002,0.12018971199999667,0.00011997384514958488,,,0.0,6.0,18.65253834629811,,,,,,,,,0.0004676570000010649
f7210bd19ef441c9857e6cf1fba44015,2025-12-02 00:35:04.586000+00:00,2025-12-02 00:35:07.088000+00:00,FINISHED,FMG_N129_p1_cubic,06-scaling-FMG_weak_cubic,/Shared/LSM-PoissonMPI,,3,,numpy,,0.6666666666666666,,,1,,,,cubic,129,,,,,,,,,,1,7,5.254003019,,5.100073469,0.0007076969999970859,6.426504248382003e-05,,,0.0,8.0,3.1189673741601633,,,,,,,,,0.00031819599999977424
21a8f4f544dd4d2aa0d7de9b92b30133,2025-12-02 00:35:03.267000+00:00,2025-12-02 00:35:05.651000+00:00,FINISHED,FMG_N129_p1_cubic,06-scaling-FMG_weak_cubic,/Shared/LSM-PoissonMPI,,3,,custom,,0.6666666666666666,,,1,,,,cubic,129,,,,,,,,,,1,7,4.71521378,,4.579322807,0.0014266559999952036,6.426504248382003e-05,,,0.0,8.0,3.475359711050047,,,,,,,,,0.00029118600000038394
335329470be147ebba4c84d1eb3da0d6,2025-12-02 00:35:15.735000+00:00,2025-12-02 00:35:18.081000+00:00,FINISHED,FMG_N513_p64_sliced,06-scaling-FMG_weak_sliced,/Shared/LSM-PoissonMPI,,3,,custom,,0.6666666666666666,,,64,,,,sliced,513,,,,,,,,,,1,3,7.100620827,,6.506971799999997,0.3068232659999906,0.6301190617130416,,,0.0,4.0,75.16685329408027,,,,,,,,,0.025033937999999645
82df58864cb144079687209e9fd92fdf,2025-12-02 00:34:45.381000+00:00,2025-12-02 00:34:48.045000+00:00,FINISHED,FMG_N513_p64_sliced,06-scaling-FMG_weak_sliced,/Shared/LSM-PoissonMPI,,3,,numpy,,0.6666666666666666,,,64,,,,sliced,513,,,,,,,,,,1,3,7.283572769,,6.52395331,0.395943160000003,0.6301190617130416,,,0.0,4.0,73.27877964941081,,,,,,,,,0.10286233399999922
d05ad48a84a64fff99493760ef308585,2025-12-02 00:34:18.805000+00:00,2025-12-02 00:34:21.122000+00:00,FINISHED,FMG_N257_p8_sliced,06-scaling-FMG_weak_sliced,/Shared/LSM-PoissonMPI,,3,,custom,,0.6666666666666666,,,8,,,,sliced,257,,,,,,,,,,1,5,5.781343606,,5.487686125999996,0.08967978199999622,0.00011997285198150948,,,0.0,6.0,17.208499750256845,,,,,,,,,0.0065069019999994815
de05ea73c3a7415b9760f62a79b5cf46,2025-12-02 00:34:16.627000+00:00,2025-12-02 00:34:19.138000+00:00,FINISHED,FMG_N129_p1_sliced,06-scaling-FMG_weak_sliced,/Shared/LSM-PoissonMPI,,3,,numpy,,0.6666666666666666,,,1,,,,sliced,129,,,,,,,,,,1,7,5.157439574,,5.005005138999995,0.0007400720000092405,6.426504248382003e-05,,,0.0,8.0,3.177364225964269,,,,,,,,,0.0003111549999993933
dc3e70a0ef954ca4b2a32eaa5fbc0e02,2025-12-02 00:34:16.037000+00:00,2025-12-02 00:34:18.379000+00:00,FINISHED,FMG_N257_p8_sliced,06-scaling-FMG_weak_sliced,/Shared/LSM-PoissonMPI,,3,,numpy,,0.6666666666666666,,,8,,,,sliced,257,,,,,,,,,,1,5,5.303040459,,5.0204271979999975,0.09214730999999933,0.00011997285198150948,,,0.0,6.0,18.760605499653423,,,,,,,,,0.001298040999998376
c1a80bbe37034788a5d8f14140ff1bd4,2025-12-02 17:28:52.985000+00:00,2025-12-02 17:28:55.830000+00:00,FINISHED,jacobi_N17_p1_sliced,Experiment-06-Scaling,/Shared/LSM-PoissonMPI,5,,,custom,False,0.8,0.0,,,,,,,17,,,11,,,,,1,none,,,0.004613999999999674,0.00032165850250629423,0.0013849999999999696,6.100000000008876e-05,0.7269201016472754,,,0.0,5.0,3.6573472041615074,,,,,1.9999999998354667e-06,0.000172000000000061,,,
4eee397e621440b4b828e0a52f7e3c27,2025-12-02 15:52:38.639000+00:00,2025-12-02 15:52:41.353000+00:00,FINISHED,jacobi_N144_p1_sliced,jacobi_strong_1node,/Shared/LSM-PoissonMPI,100,,,custom,False,0.8,0.0,,,,,,,144,,,11,,,,,1,none,,,2.3849990000000005,1.510539125836618e-07,2.372949999999999,0.0002699999999991043,0.9256551746903289,,,0.0,100.0,120.05405453000188,,,,,1.000000000139778e-06,0.02181899999999981,,,
